0.068450527,0.058150658
-0.031227894,-0.033049444
0.082900322,-0.015760068
0.011750643,0.072196043
0.002011929,-0.054476679
-0.016343926,0.072466495
-0.042174887,0.07163608
-0.009424861,-0.054775433
-0.053487701,0.058066696
0.02002686,0.019910973
-0.088840529,0.075495957
-0.00775643,0.028961433
0.080676009,-0.065666921
0.025856513,-0.075427828
-0.11521616,0.081898362
0.004769762,0.030531082
-0.060116284,0.026069396
-0.047098408,0.03402459
-0.051590517,0.027655951
0.163592239,0.055257251
-0.02787085,-0.008610814
-0.090737906,0.01221958
0.063780665,0.07523484
-0.037793724,0.028045527
0.018746231,0.009521135
-0.041940695,-0.037122553
0.000674469,-0.018637415
-0.025227931,0.038573207
0.043331077,0.003483103
0.019129345,0.081873339
-0.034531148,0.029385013
0.0306021,-0.007355277
-0.013533079,0.006301589
-0.044719191,0.096000619
0.000954064,-0.038057001
-0.018693677,0.095438896
-0.106381934,0.039439124
0.051835841,0.053018197
-0.081586033,0.115985041
-0.017481003,0.026020356
-0.036300117,0.005872448
-0.081416172,-0.012961268
-0.047288378,-0.007278422
0.021371469,0.012888015
0.058100145,0.015886761
-0.162566269,-0.019930951
0.068158312,0.072758296
0.120193423,-0.034576228
0.081557159,0.020333923
0.04363267,0.029264774
0.027182758,0.024038128
-0.025089671,-0.13208022
-0.072995852,-0.082007932
-0.027340691,-0.136921053
0.022391634,0.069351046
-0.0879935,0.004021501
-0.029052741,-0.017070014
0.049642096,-0.001962183
-0.032714388,-0.054352446
0.007986836,0.02945982
0.008120198,0.033233322
0.045733548,0.073881306
-0.033507735,0.017633113
0.029319345,0.015714063
0.02254378,-0.04866956
0.039462536,-0.016206282
-0.008693485,0.12989282
-0.002809827,0.031432844
-0.146212744,0.066581358
0.098488301,-0.055866576
-0.011110101,-0.030880639
-0.118018746,-0.067702253
-0.000220301,0.015220056
0.043951385,-0.006428271
-0.017438209,0.10755454
-0.041154367,-0.034068489
0.033014106,0.048115264
0.000713891,0.015833496
-0.03807746,0.088357103
0.015326861,0.06022171
0.070239537,0.057813941
-0.121363705,0.080084817
-0.02924056,0.02140988
0.013365367,-0.087030142
0.09435004,0.034403946
0.045232481,0.007627077
0.034669143,0.014159553
-0.012838243,0.080143023
-0.00043114,-0.049113398
0.037669335,-0.029701969
-0.03323188,-0.01625552
0.070675161,0.025404766
-0.062800248,-0.002446973
0.039509715,0.00651918
-0.025218922,-0.111169313
-0.067687835,0.016740671
-0.104407074,-0.0110139
-0.026618297,-0.02329552
-0.052215118,0.068597853
-0.097197015,0.061691629
-0.013409861,0.002012708
0.042384977,0.047960828
0.191952413,-0.065323128
0.052009992,0.084478248
0.045817803,0.031298948
0.042250203,-0.147853987
0.05241945,0.041719173
0.061318524,-0.000666953
0.008950795,0.014679028
-0.083158378,0.117120433
-0.117688918,0.022404755
-0.039550181,0.06441934
0.009942152,-0.110212564
0.088188542,-0.024995198
-0.080950447,-0.025969298
0.042004941,-0.000627953
-0.014277987,0.080295464
0.07109254,0.048666928
0.011925147,0.106886335
-0.079873228,-0.018190818
-0.070856029,-0.006873134
-0.082668194,0.100897762
0.016775372,0.053897981
0.042708414,0.1229964
-0.032782463,-0.061345658
-0.060166974,0.055076952
0.017306632,0.039059497
0.020442388,0.004558238
-0.096091724,0.034490373
0.103498572,-0.048367134
0.067987936,0.105492217
-0.043001023,0.021393095
0.023289268,0.089099521
0.073382896,0.030983001
0.015933245,-0.009167159
0.019267689,-0.082537928
0.039550966,0.161925408
0.075653405,-0.065636786
0.086167749,-0.075880593
0.084406537,0.027442708
-0.081070771,-0.04167676
0.020543786,0.082046255
-0.037712061,-0.043065224
-0.031232358,0.068959719
0.062544038,0.029483128
0.096045264,0.017746934
0.046666371,-0.03172059
0.02609977,0.039257208
-0.018063261,0.003756266
0.049140989,0.079799371
-0.060645824,-0.006751098
0.092287899,0.062077393
0.13152227,0.004731584
-0.000653075,0.013744001
0.000520293,0.095280781
0.091050655,-0.100720021
-0.029419044,0.042747102
-0.03192452,0.007015649
0.005250166,5.58E-05
-0.097894875,0.028344779
-0.048079165,0.045087935
-0.139552823,0.035795765
0.000730652,0.049139309
-0.020665374,-0.038122903
0.001632808,0.041185614
-0.042031042,-0.038018154
-0.014804616,-0.074394784
-0.097923964,-0.085221775
0.031187896,0.038428664
0.015638369,0.221918434
0.039260411,0.066456232
0.000936208,-0.068941765
0.091049526,0.098455398
0.039744178,-0.09355701
0.053967057,0.04899033
0.140873796,0.032726107
-0.028469835,-0.027255363
-0.005065647,0.002894003
0.077969744,0.165055022
-0.060134746,0.018001376
0.000809892,-0.077695474
0.024247812,-0.000625325
-0.022811065,0.100674552
0.053571881,-0.013751838
0.066200169,0.007823566
-0.022865115,0.02917481
-0.046479685,0.005923673
-0.016432818,0.013373104
0.007465825,0.148886782
0.061156272,0.001120595
0.071470318,0.080105621
0.072375102,0.033782493
-0.065286103,0.068155743
0.037316188,-0.028794231
0.127928828,0.010358684
0.065828756,-0.029708857
0.100324862,0.015185327
-0.015810906,0.082528643
0.002138098,0.133765669
0.126459573,0.038982084
0.165303094,-0.004050679
-0.033584133,-0.044650196
-0.057660239,0.057328378
-0.007786091,0.07778287
0.035448362,-0.005710131
-0.009446749,-0.019036946
0.030006603,0.018124402
0.067206875,-0.14914565
0.127485559,-0.034778324
0.067583608,-0.078665397
0.057658379,-0.039567897
0.158639508,0.035160586
0.024340596,-0.014602917
-0.004411971,0.035177442
0.020102927,0.022881167
-0.061176938,-0.036832743
0.044920293,0.059169876
-0.031439676,0.137362875
0.020774999,0.12150217
-0.022338381,0.129926271
0.035103925,0.073135887
-0.056735734,0.039052611
0.132799459,0.03551692
0.025046939,0.090649619
0.062591134,0.029025671
0.03842768,0.078747463
0.021006178,-0.026771748
0.089162518,0.048212593
0.02512536,0.102880185
-0.08601706,0.10729987
0.031553501,0.065144812
0.078754866,-0.060701393
0.137277902,0.026939665
-0.114498894,-0.06338505
0.098352032,0.046002175
0.018924745,0.05396367
-0.036229244,0.057275306
-0.00810381,0.051155415
0.118707789,0.073436173
0.107098833,0.106331394
0.029043093,0.025481635
0.065855265,-0.034267068
0.015583462,0.068389971
0.056957289,-0.000532018
0.03739914,0.036514709
-0.045493075,-0.018871029
-0.001941099,0.1003226
0.067760242,0.115766189
0.077270258,0.056555917
0.02651991,0.048820325
0.103223536,0.052664809
0.086421106,0.034601983
-0.100290485,0.017743021
0.033314181,-0.003117269
0.022714399,-0.053392967
-0.014698162,-0.011086236
0.01219163,0.064622656
0.060053028,0.099888995
0.086762843,0.011026484
0.11851911,0.042838786
-0.03268215,-0.019270111
-0.030557351,-0.039803665
0.104742763,0.021687924
0.087925404,0.006717528
0.11308104,0.058432264
-0.029122012,0.085539964
0.063966965,-0.055828986
-0.055818618,0.046127264
-0.01401631,0.006644226
0.074147821,0.05585264
0.091653989,0.055754057
0.116202572,0.016942038
0.037346032,0.034311042
0.037027806,-0.027296564
0.070978925,-5.99E-05
-0.032554998,-0.099378488
0.012327719,-0.014251806
0.138535526,0.069007183
0.046772001,0.01429
0.026909463,-0.069924258
-0.008853349,0.104743746
-0.04121862,-0.007896601
0.061667177,0.057887849
0.078207064,0.09469298
0.011619972,0.181308954
0.02336939,0.092140996
0.023681488,0.054596101
-0.055225569,0.061409279
0.014421501,-0.049481854
0.049095854,-0.099771353
0.055642656,0.100258409
-0.004315538,0.065008278
0.052030677,-0.000678964
0.038345087,-0.031718607
0.074600524,0.098035687
0.031818553,0.00774931
0.153020215,-0.064138205
0.12019476,0.092918307
0.101787948,0.11820544
-0.116309531,0.067904983
0.036905925,0.0420203
-0.008694205,-0.057571778
-0.022999644,0.06215831
0.038771571,0.075203447
0.082301009,-0.026768163
0.034702188,0.070224682
-0.013757337,0.127639885
0.08871753,0.017299364
0.041746122,0.077304379
-0.002845196,-0.073069135
0.062400883,0.044365278
-0.035792608,0.122034923
0.068494121,0.037151216
0.071431074,0.046164353
0.000835041,-0.062541958
0.011952673,0.061137729
-0.021217987,-0.02071766
0.119275157,0.081279302
0.081622746,-0.088514162
0.005450299,0.113229039
0.059068815,-0.082215205
0.092185457,0.045848149
0.102294211,-0.064272517
0.093698647,0.014927436
0.066145745,-0.079204762
0.071581999,-0.102613504
0.059098106,0.040960189
0.04402136,0.092306297
0.016286955,0.016065883
0.052327919,0.124338371
0.012775317,-0.002037619
-0.045631628,0.136588369
0.084273519,0.065891788
0.127872311,0.054387631
0.000601824,0.018474363
0.081963772,0.158646456
0.084568016,0.025153138
0.041959156,0.066247449
0.025145442,-0.051947625
-0.001807626,-0.001191046
-0.021663513,0.009297599
0.046625776,-0.01732604
0.025509912,0.093311187
0.073724641,0.067718027
0.034521015,0.070964614
0.001627895,0.033388753
-0.09243425,0.060031232
-0.075832231,-0.004240188
0.123319146,0.141252976
0.138747604,-0.024473024
-0.000626734,0.032701723
0.047926263,0.035138584
0.092211889,0.041675138
0.108042984,0.063508159
0.062336299,0.012698051
0.07363733,0.094685726
0.128135017,0.075280754
-0.046763238,0.152024506
0.013608038,0.083303382
-0.022584917,-0.001229009
0.027358018,0.059358859
-0.015702532,0.100408734
-0.0735053,0.039315608
0.054632061,0.022462682
-0.060664399,0.06056602
-0.008597218,0.080347638
0.034717864,0.089793136
0.092169902,0.05653226
0.064014714,0.02626016
0.09152493,-0.01301042
0.041257365,0.03391641
0.024428549,0.016203983
0.016942601,0.07323522
0.137929513,0.107423703
-0.028023664,0.048758949
0.074639833,-0.010789217
0.041671612,0.081458152
-0.00664617,0.038922715
0.106741894,0.03487294
0.115476502,0.068634338
0.01172898,0.129327119
0.063731494,-0.042265535
0.005484446,-0.020271575
-0.086201005,0.034012002
0.066470962,0.070279063
0.081340746,0.067726378
0.007398528,-0.025742568
0.073434276,0.001361071
0.06140104,0.005820052
0.039919101,0.104449684
0.017790545,-0.111630492
0.031368757,0.051257197
0.121838967,0.021021351
0.054290598,0.071847578
0.092326132,0.106072172
0.002473758,0.073300758
0.020960841,0.046615858
0.134235918,0.009971395
0.148240655,0.037760104
0.021830096,0.08132172
-0.003435825,0.012924369
0.036170146,-0.012216597
0.095037127,0.098670523
0.017892088,0.087060461
-0.003932368,0.073384887
0.006433916,-0.011748719
0.120600701,0.015462526
-0.012023607,0.042754395
-0.00125436,-0.070768575
0.039387223,-0.064625269
0.049486977,-0.103943919
0.013128296,0.01855918
0.039148059,0.044594371
-0.012636984,0.048079754
0.070358898,-0.002971125
0.11591832,0.040313436
-0.051170815,-0.012084476
0.024815728,0.054530595
0.012638024,0.052551695
0.109757978,0.019997543
-0.014793237,0.048241213
0.084327419,-0.046063826
0.134170769,0.036645442
0.020458882,0.011483487
0.11769268,0.039013087
0.055097267,-0.001077533
0.081150518,-0.023146802
0.059089697,0.001387562
0.111950198,-0.004932047
0.026621485,0.023809453
0.056367985,0.051715495
0.094294144,0.044605435
0.0102623,0.018350174
0.047699936,0.020287097
0.028847789,0.042579607
0.09150562,0.11845992
0.07708042,0.029218456
0.092655178,-0.041958872
0.08097858,0.012860628
-0.035363675,0.000963482
0.049009027,0.031714059
0.029551443,0.078224287
0.076814086,-0.038461723
-0.013982084,0.087682052
0.105832334,-0.010416921
0.007993901,0.0220625
0.060554053,0.041147689
0.158398274,0.123018583
0.02485122,0.083388923
0.123051059,0.089421382
0.106882249,0.064256935
0.048798754,-0.002069754
0.086367555,0.074957625
0.109369883,-0.052774758
0.043065665,0.064554064
0.069941204,0.014772566
0.05650935,-0.017026222
0.134956777,0.021383632
0.005322324,0.045563752
0.012848323,0.048913988
0.059351634,0.088735604
-0.010723386,0.028965242
0.086398251,-0.011118719
0.071742989,0.068607589
0.003367138,0.066465735
0.154085498,0.037776545
-0.035499587,0.013045249
0.173438785,-0.009376655
0.134922793,0.013968541
0.025317207,0.038513956
0.053870793,0.082785224
0.054383706,-0.050454659
0.049091256,-0.036641584
0.168121004,0.075772086
0.108064388,0.098209521
0.078010133,0.01216732
-0.051038078,0.116134244
0.05070003,0.060740068
0.072742567,0.061509226
0.062528191,-0.006591039
0.117134221,0.119751912
0.000773568,0.135711696
0.189791363,0.078557176
0.13537994,-0.020103499
0.121226741,0.057235421
0.155738196,0.099942681
0.076268429,0.068539238
0.121172168,-0.018697706
0.125319232,0.024334753
0.082249395,0.088951647
0.108074405,0.109597633
0.041406748,0.000981295
0.057828781,0.021184688
0.088896234,-0.00988339
0.217078978,0.058066868
0.176238648,-0.006787696
0.022559063,-0.030153244
0.11320137,0.061239484
0.030431368,-0.085763775
-0.001252704,0.032961803
0.125024376,0.136054289
0.122259691,0.076377565
0.070172579,-0.01127162
-0.035658482,0.053916946
0.002316048,-0.126985524
0.154009483,0.026190037
0.106226153,-0.038102894
0.069420579,0.038374525
0.216833459,0.07032739
0.040000215,0.012657138
0.015773497,0.0955431
0.059554778,0.110311826
0.065844964,0.023566414
0.018352329,-0.018713389
0.150298265,0.091168114
0.079597558,0.099801988
0.100174107,-0.052371461
0.028902179,-0.017351472
0.062947184,0.04133389
0.096010797,-0.010091354
0.104048497,-0.033044731
0.104364221,-0.083709477
0.076298794,0.083209322
0.094588075,0.111954927
0.070727305,0.039908974
0.059398909,0.011941658
0.127992076,0.0512006
-0.00485878,0.022379232
0.117633518,-0.001929829
0.02632827,0.040561703
0.129684237,0.086952377
0.23646024,0.093848006
0.11682399,0.061236582
0.13729209,0.06340783
0.071974388,-0.07790322
0.089722253,-0.062427735
0.077876444,-0.004144624
0.078701939,0.12204032
0.160991843,0.144346954
0.064590624,-0.081849365
0.167509141,0.054436773
0.100819074,-0.050925872
0.094838481,-0.027190896
0.078888003,-0.019690322
0.058718948,0.123302864
0.209906701,-0.007262066
0.059420375,0.066636874
0.139377646,-0.070222575
0.044676659,-0.04420284
0.119463591,0.101369488
0.069354568,0.060527525
0.047624957,-0.00304017
0.169032561,0.035674688
0.125949339,0.076357515
0.028940678,0.073915184
0.047603113,0.082062484
0.146778725,0.103869031
0.119714027,0.068880851
0.067632653,-0.065934682
0.063249977,0.063818793
0.066606763,0.029667322
0.158711244,0.116464573
0.08986794,-0.028012527
0.052161781,0.134756245
-0.015963183,0.034015709
0.075733813,0.015961874
-0.011314246,-0.06681672
0.190572734,-0.084318251
0.186731816,0.001990406
0.081411077,-0.001481674
0.040807368,0.06250477
0.07598121,0.043125405
0.154267371,0.040451892
0.094955974,0.097848824
0.026428651,-0.038964461
0.086226485,-0.091366043
0.133017162,-0.015727989
0.077195213,-0.015336541
0.217115461,-0.017661569
0.097113378,-0.011321095
0.108044418,0.021206721
0.142783331,-0.053172909
0.077901536,-0.090944601
0.114760977,0.074084225
0.123620788,-0.032613131
0.130126764,-0.014403223
0.089876309,0.046387674
0.001962965,-0.036437048
0.073153111,0.03271504
0.086596364,0.007099768
0.07136169,0.126205184
0.119766812,-0.042050264
0.125839069,-0.112175936
0.155569929,-0.113788087
0.136989011,-0.085180012
0.088243758,-0.063472232
0.115206017,-0.025257568
0.075063633,0.118519541
0.04128915,0.065608451
0.056144202,-0.009578644
0.178550293,0.042931255
0.129112257,0.083273658
0.067457549,0.00380258
0.126721703,0.02711068
0.158159287,-0.09222
0.048880852,-0.062540661
0.010727341,0.048197532
0.077165281,-0.050688091
0.091929399,-0.091850335
0.030718544,0.030983901
0.000501218,0.102240698
0.025611621,0.00848178
0.061205748,0.001363631
0.129607206,0.084731713
0.177998444,-0.014474637
0.094501593,0.025531717
0.20503367,0.06460708
0.007321187,-0.033604795
0.038327286,-0.04624795
0.149018538,-0.018228416
0.202225109,0.041255898
0.125684179,0.135184792
0.083193248,0.031361499
0.143523464,-0.029595886
0.118180428,-0.076312898
0.169175741,0.122413441
0.125827482,-0.123022488
0.220423552,-0.068764487
0.031556338,-0.043893452
0.091759468,-0.075755337
0.291025207,-0.048600504
0.161343197,0.048151239
0.057656244,-0.048382177
0.209550611,0.050077006
0.042743128,-0.010469292
0.102227038,0.044348922
0.167795773,0.066012287
0.167862404,0.023451854
0.210489967,-0.045141978
0.234626118,0.045837193
0.197410763,-0.008439947
0.063644354,0.036900503
0.138843612,0.03373404
0.122774662,0.044892037
0.14059987,-0.042354637
0.028764555,0.03107922
0.121291669,0.033044205
0.022092431,-0.035745353
0.123290032,0.083489603
0.039603474,0.010404678
0.124803583,0.019418092
0.063178181,-0.046984179
0.07907757,0.005881508
0.141354159,0.125592235
0.016419533,0.060705857
0.175091945,-0.005075714
0.055799418,-0.020088743
0.092656676,0.035133462
0.127646714,0.043154541
0.108368107,0.035058528
0.107479344,0.10719607
0.0712064,0.043353461
0.248993272,-0.035770409
0.118064039,0.044990004
0.119413426,0.05580847
0.131923104,0.080319235
0.101341152,-0.105670964
0.161837523,-0.023859808
0.117467133,0.035346657
-0.001580579,-0.0243522
0.150208069,-0.139908836
0.048106019,-0.0523354
0.086156832,0.036278431
0.035735372,-0.011469478
0.153566043,0.024020808
0.119558511,0.028918035
0.210438118,0.002801782
0.213594191,0.10297083
0.087330668,-0.028849756
0.152810896,-0.050673272
0.01719716,0.010442346
0.142797753,0.005687347
0.059103048,-0.029961192
0.178793341,0.004085023
0.105528241,-0.04144304
0.095483045,-0.005501309
0.135669375,-0.049698926
0.057823817,-0.005230798
0.127500735,-0.006098567
0.080919891,-0.108037635
0.107707556,0.043216795
0.226800609,0.021982777
0.138465253,0.018458239
0.124926505,-0.058350781
0.082014171,-0.07876736
0.109986581,0.00085222
0.169305116,-0.035000102
0.061494599,0.00883028
0.032970661,-0.073652757
0.022978034,-0.007829256
0.139056739,-0.072184769
0.105554284,0.026908618
0.133666413,-0.028950743
0.123633227,-0.022800097
0.043010191,0.017549448
0.16667414,0.00201595
0.141336994,0.010245038
0.140926781,-0.041038376
0.144538322,0.015644036
0.20325971,-0.115820897
0.028862782,0.024656723
0.188876382,0.003986701
0.049189864,-0.049630973
0.181988153,0.058335953
0.163757317,-0.104222898
0.148577315,-0.132800331
0.135121314,-0.023735587
0.167188471,-0.024502298
0.059653311,-0.035183447
0.114565516,-0.107259378
0.140521619,-0.070688813
0.189047769,0.011105035
0.092321204,-0.085276382
0.021488629,0.034962859
0.201545822,-0.003007059
0.087259409,0.009249858
0.12599911,-0.003240588
0.226438868,-0.032147848
0.130045279,-0.090745059
0.079792958,0.041069989
0.090271232,-0.131618314
0.157113715,0.013355166
0.154556432,0.028088076
0.083463729,-0.000397033
0.108539404,0.004080252
0.071275442,-0.006496056
0.111484866,0.093694245
0.116950927,0.002119045
0.151723174,-0.053582245
0.195287407,0.000665852
0.186025353,-0.06477209
0.075922787,0.008098478
0.165648975,0.012223036
0.183527326,-0.020730882
0.118269632,-0.088343318
0.130416307,0.008123539
0.200210055,-0.069746055
0.154002292,0.018189484
0.190989867,-0.034689755
0.060426777,-0.052187667
0.077925732,-0.028460204
0.027031216,-0.067312834
0.090095881,0.018057956
0.184412909,0.00304733
0.086318649,-0.06368267
0.023058798,0.05033818
0.015290584,0.020355543
0.057425753,-0.02655738
0.112238911,0.017183617
0.210112408,-0.045721613
0.206103519,-0.116587848
0.045579,0.007941171
0.159160466,-0.022300496
0.027894487,0.014618379
0.199916498,-0.022933845
0.116500581,-0.094918475
0.114080107,0.029413989
0.132151485,-0.033747566
0.160845797,-0.079464864
0.103737014,-0.108536574
0.031740027,-0.055493973
0.179749742,-0.059427132
0.180717343,-0.08527637
0.120914635,-0.07969223
0.154600039,-0.001429971
0.095046285,-0.087289246
-0.045845824,-0.124736144
0.179710535,0.08431956
0.152440791,-0.034641387
0.159960802,-0.136743624
0.191341194,-0.02662413
0.077616473,-0.037715531
0.131954312,-0.032221827
0.185394948,-0.031169637
0.13528751,0.047764124
-0.00797827,-0.01571201
0.042204484,-0.026203849
0.222224879,-0.141898002
0.135121163,-0.086812743
0.178446707,-0.021789547
0.056277889,-0.004376116
0.176663931,-0.098452766
0.093513422,0.042190262
0.107775322,0.011417297
0.218653932,0.013711467
0.213127596,-0.069800927
0.18247711,0.047944925
0.19855056,0.065269458
0.026967998,0.004144194
0.140426181,-0.029918822
0.198977657,-0.043996157
0.166606093,-0.0979215
0.139959075,-0.01098345
0.131773657,-0.072801819
0.189055357,0.048924476
0.157414055,-0.117603579
0.131067338,-0.052875884
-0.022556674,-0.064362665
0.167452993,-0.005181878
0.008455405,-0.06428467
0.178789616,-0.086269167
0.170727251,-0.110819228
0.186621306,0.035532528
0.178575023,-0.06007202
0.127080509,-0.088120346
0.103533416,-0.012724858
0.134804199,-0.041437382
0.18187414,-0.015924765
0.143722978,0.007963935
0.133933253,-0.128930831
0.124507736,0.060547842
0.116278366,-0.12291529
0.141640734,-0.079467887
0.180715263,0.019113253
0.124849611,0.005942194
0.109930025,-0.084148168
0.043374754,-0.081463194
0.215026829,-0.037730543
0.091066223,-0.091245331
0.101715612,-0.00299001
0.131079542,-0.044387107
0.140236925,-0.062732348
0.03178982,0.025488947
0.035200821,-0.214596445
0.103506673,-0.013660941
0.128474027,-0.073315343
0.121108011,-0.034517768
0.154231455,-0.011361031
0.085026257,-0.115450382
0.179957376,-0.077735999
0.088373315,-0.128374085
0.068270299,-0.082572372
0.164575742,-0.125971281
0.221970522,0.028825437
0.205239114,-0.054630022
0.104934669,0.001775334
0.131818538,-0.044735495
0.194473857,-0.168615897
0.200032075,-0.093056243
0.027270136,-0.078950623
0.07522375,-0.115677462
0.072998099,-0.026626863
0.085808179,-0.098255686
0.139181445,-0.146614285
0.183806159,-0.223461533
0.107188512,-0.10120527
0.173133111,-0.041052056
0.166196166,-0.096125355
0.24181392,-0.094728329
0.130687848,-0.108309341
0.20698316,-0.124306883
0.044605916,-0.086112494
0.253883037,-0.083785069
0.085337047,-0.067503864
0.143958202,-0.086148601
0.159364966,-0.16141181
0.044433223,-0.282649879
0.135224772,0.016888164
0.144646563,-0.0627108
0.181060753,-0.090950043
0.093863089,-0.054610749
0.173843326,-0.007622165
0.063430307,-0.086004416
0.017346297,-0.083611737
0.084512716,-0.046758228
0.157365011,-0.014290413
0.21039406,0.015582252
0.01034565,-0.07138531
0.053281377,-0.029852616
0.093681343,-0.112779372
0.095678839,-0.129657542
0.107945256,-0.009843014
0.175553031,-0.069208726
0.114386108,-0.262580314
0.092284116,-0.055170794
0.154589775,-0.058580495
0.065702649,-0.082832147
0.086301993,-0.005327158
0.213337555,-0.024671366
0.121614414,-0.039810975
0.07667855,0.005458003
0.176003944,-0.102177667
0.167513125,-0.083678333
0.165845288,-0.121601046
0.144207612,-0.121097467
0.049182088,-0.121755215
0.100226715,-0.035479211
0.06509704,-0.043794881
0.074215889,-0.018388563
0.134440327,-0.090848207
0.057023608,-0.151082278
0.115897172,-0.00671049
0.13259432,-0.144048561
0.182486844,-0.090020101
0.181113178,-0.117459787
0.140289038,-0.168905132
0.079232318,-0.043137611
0.160781647,-0.013478906
0.159104691,-0.074944588
0.172446813,-0.038211638
0.196391438,0.008422685
0.17392131,-0.096166081
0.048824539,-0.127059588
0.079152566,-0.121504936
0.21623888,-0.143206507
0.168376256,-0.177559752
0.110095305,-0.09389493
0.094368254,-0.028489152
0.108065769,-0.015376997
0.087989436,-0.161340225
0.164314681,0.023178824
0.208116708,-0.026363718
0.166671277,0.009751239
0.210063208,-0.110589732
0.13618577,-0.145065286
0.118316406,-0.044930946
0.151885851,-0.153828538
0.202473363,-0.03298238
0.197758834,-0.07467671
0.185440267,-0.063291897
0.160115387,-0.098226637
0.104857408,-0.176796745
0.119539655,-0.134164019
0.082976812,-0.117213047
0.151531688,-0.178288376
0.137481862,-0.115694033
0.022678974,-0.243575213
0.180066777,-0.123606258
0.166047623,-0.08111123
0.093133867,-0.048829879
0.175235631,-0.088874437
0.185632356,-0.076043453
0.170304697,-0.168655679
0.190297999,-0.204195932
0.096375058,-0.063370841
0.098001398,-0.072507006
0.159490534,-0.138871229
0.17232116,-0.085272706
0.127867848,-0.045918925
0.114325934,-0.162947263
0.161543234,-0.058214379
0.077480304,-0.01553595
0.057661163,-0.155026676
0.156888529,-0.233674995
0.044902628,-0.127181466
0.195134943,-0.021206272
0.074458244,-0.14529356
0.147037254,-0.047404688
0.278288384,-0.085433663
0.172460447,-0.131640393
0.064539222,-0.09852598
0.139603944,-0.155150651
0.194015415,-0.022070174
0.147653977,-0.024905124
0.091443782,-0.18865048
0.045882938,-0.084065427
0.102340041,-0.082113688
0.187804073,-0.076796023
0.159124752,-0.211491993
0.091185581,-0.123505611
0.215272416,-0.099139009
0.028016321,-0.012242392
0.152001543,-0.110326047
0.093154994,-0.039019527
0.071346643,0.019428761
0.110953281,-0.170757176
0.040534621,-0.131652705
0.124485084,-0.136154451
0.078713778,-0.079616922
0.074902801,-0.097496552
0.10520065,-0.076399908
0.027455914,-0.05727001
0.059010308,-0.166343794
0.1814387,-0.012160351
0.095267442,-0.103369178
0.048514655,-0.213099989
0.190683482,-0.07192193
0.117991131,-0.148324408
0.045374252,-0.151092957
0.209443021,-0.132457576
0.153763579,-0.112802064
0.039288549,-0.221540312
0.182314462,-0.105903987
0.289934833,-0.128649937
0.158002879,-0.111248235
0.079891907,-0.169450228
0.058238276,-0.060112349
0.084942651,-0.17940761
0.107773982,-0.162272536
0.111285091,-0.234126158
0.046160649,-0.118800345
0.071370637,-0.161534759
0.228480745,-0.046313266
0.103993942,-0.1958909
0.060687204,0.00880433
0.109187266,-0.108352517
0.118606456,-0.057016516
0.070495715,-0.169623324
0.009197593,-0.217274984
0.132483592,-0.131294021
0.162298359,-0.157207303
0.143335772,-0.081862754
0.231360335,-0.132398324
0.104523609,-0.122318689
0.119832966,-0.138262035
0.227691452,-0.054086595
0.083865662,-0.079142544
0.189443964,-0.185194974
0.050258887,-0.150313954
0.128217953,-0.122813599
0.107994023,-0.118597281
0.056804984,-0.183528824
0.134633327,-0.143074795
0.088678501,-0.234342027
0.126015198,-0.109130221
0.02965484,-0.144410876
0.111450365,-0.084091414
0.068376827,-0.171566379
0.063686213,-0.240360177
0.116268162,-0.115172982
0.063963672,-0.191568149
0.041177632,-0.146572656
0.175700418,-0.30478431
-0.024471967,-0.073165749
0.068227193,-0.139725258
0.181814014,-0.044874141
0.112719122,-0.097215326
0.122006924,-0.108654648
0.088286033,-0.227832397
0.144367794,-0.100305453
0.085860978,-0.172354223
0.022550213,-0.170822523
0.073672711,-0.161618168
0.208266244,-0.118182651
0.084948425,-0.121912468
0.126457886,-0.070330669
0.160648623,-0.080871237
0.118274792,-0.119059699
0.171913163,-0.136000778
0.014363947,-0.131464835
0.051246384,-0.146611312
0.078579086,-0.184002229
0.175256657,-0.165896853
0.107023401,-0.138913284
0.02101378,-0.07357253
0.097721622,-0.095969394
0.122607546,-0.0766709
0.061582511,-0.247941602
0.07498763,-0.183534936
0.032713444,-0.077125706
0.161635057,-0.096534765
-0.003909289,-0.250412148
0.198300883,-0.141850668
0.13601509,-0.167671988
0.001467596,-0.150841886
0.088140803,0.013042244
0.034559261,-0.171249457
0.045600279,-0.029626754
0.145742857,-0.2220517
0.122373204,-0.226714126
0.083667054,0.032506785
0.122852107,-0.214766406
0.116443753,-0.190910715
0.040719541,-0.206678421
0.108754655,-0.104788987
0.09716813,-0.229244609
0.055562583,-0.045682177
0.061622788,-0.1797111
0.176057449,-0.232494401
0.142756107,-0.179388799
0.056694481,-0.095685654
0.108343113,-0.134113765
0.119816168,-0.141299448
0.048040653,-0.224184425
0.130502596,-0.187669096
0.199342598,-0.173199059
0.121383665,-0.043143612
0.095466846,-0.134778167
0.086436326,-0.064667254
0.113029172,-0.087046106
0.075889221,-0.254041783
0.095293612,-0.085494933
0.142150976,-0.171476978
0.096371885,-0.214275104
0.138443597,-0.207464844
0.115907079,-0.227093905
0.100997418,-0.064716936
0.10265743,-0.135347358
0.07878934,-0.235841816
0.172111305,-0.071127665
0.115327309,-0.137929288
0.113801356,-0.244882146
0.101895856,-0.118038099
0.019706195,-0.096153514
0.041135903,-0.168557534
0.041007163,-0.182483535
0.150530006,-0.217405454
0.118046242,-0.175463809
0.104985793,-0.189025242
0.164805799,-0.072877903
0.095239659,-0.28041805
0.094937867,-0.082467659
0.100355867,-0.187118011
0.084514254,-0.345724201
0.07704751,-0.193926651
0.066564641,-0.170196451
0.006509416,-0.261897701
0.124893098,-0.208756528
0.059772164,-0.124967137
0.06956625,-0.125793608
0.102511733,-0.186597632
0.081186848,-0.227918879
0.124954376,-0.107918074
0.129126434,-0.146829552
0.045082228,-0.268907499
0.056012819,-0.095357953
0.1236069,-0.196290695
0.027961228,-0.233592302
0.031528327,-0.186271044
0.062052243,-0.220022536
0.018857493,-0.175889353
0.09751841,-0.182817385
-0.026178021,-0.271243887
0.108863158,-0.19471039
0.016552079,-0.02922004
0.149320315,-0.135789453
0.082125789,-0.182356154
0.208718356,-0.229867008
0.13243282,-0.143033975
0.118639616,-0.180056739
0.189970127,-0.109614711
-0.010140684,-0.156537315
0.11592278,-0.186310683
0.092058532,-0.0979661
0.093841687,-0.074548873
0.025751803,-0.204550819
0.063873403,-0.148866131
0.10411783,-0.121259442
0.115199623,-0.15852593
0.120627258,-0.09782911
0.12704267,-0.276566589
0.025328643,-0.294585536
0.190706384,-0.19946415
0.072201312,-0.286135005
0.030462162,-0.123100363
0.011888237,-0.075342866
-0.013027356,-0.255033588
0.101576959,-0.272234325
-0.07289532,-0.151292199
0.003102197,-0.2118557
0.04555777,-0.10759832
0.083506446,-0.178866866
0.08493527,-0.305772702
0.036821152,-0.179024807
0.050523319,-0.225379464
0.079730399,-0.335111463
-0.053393126,-0.197882166
-0.034513907,-0.221197191
0.041680963,-0.205183006
0.088161537,-0.180626712
0.119150531,-0.194851407
0.135796397,-0.136440936
0.08320885,-0.069577162
0.063916456,-0.156519145
0.076392228,-0.107394685
-0.008805567,-0.240761078
0.04995078,-0.195066087
0.05713752,-0.21700226
0.016712409,-0.279399147
-0.029784975,-0.141259577
-0.058423289,-0.169968453
0.070851774,-0.160960578
0.002004817,-0.174613058
0.066420026,-0.139930437
0.029299912,-0.078004004
0.129415311,-0.178740628
0.06651038,-0.247065647
0.100893044,-0.157826744
0.115126196,-0.191959341
0.118076581,-0.227691338
-0.030497277,-0.252641615
0.151572375,-0.153046569
-0.012486423,-0.206913528
0.082288701,-0.208525409
0.156055261,-0.19571901
0.042071568,-0.226540194
0.034460926,-0.200260985
-0.062229267,-0.141698175
0.049945002,-0.095270867
0.127593672,-0.26403582
0.092894697,-0.258811337
-0.003527621,-0.216428175
-0.029598241,-0.263557369
0.066850769,-0.273227852
-0.037691099,-0.110661548
0.119469385,-0.127962861
0.088365149,-0.200553797
0.135511197,-0.096391192
0.02483737,-0.075068547
-0.044503168,-0.292871123
0.01993468,-0.228811227
0.085225404,-0.154800064
0.011570928,-0.140988559
0.095637316,-0.285572363
0.088464213,-0.133996576
-0.008186547,-0.232116664
0.112405367,-0.067454561
0.031237356,-0.218938887
0.083389446,-0.215220503
-0.000423419,-0.274991119
-0.048783499,-0.087840251
0.075083927,-0.181710466
0.070147294,-0.248634307
0.081545521,-0.129657596
-0.048666357,-0.179689152
0.058519866,-0.183657923
0.047518265,-0.178216458
-0.018556032,-0.172311937
0.058955913,-0.223966845
0.076157844,-0.234683122
0.017968575,-0.175903569
0.01987629,-0.296394504
-0.050714947,-0.250850747
0.157147808,-0.066077341
0.040619105,-0.297492223
0.044485598,-0.16304845
0.198137111,-0.101168354
0.019242189,-0.276850543
0.013253177,-0.273196511
0.122148254,-0.230923726
0.031234204,-0.258250507
0.081063418,-0.261408953
0.084612589,-0.266149647
0.057299656,-0.235596794
0.084466238,-0.25061218
-0.003727664,-0.267264074
0.031453298,-0.237278792
0.005475844,-0.151569256
0.115900003,-0.22890132
0.152599645,-0.157235996
0.141169335,-0.268742704
0.00665473,-0.152429397
0.076514642,-0.127956769
0.056472393,-0.187296759
0.016367552,-0.2422709
0.073744563,-0.198350467
0.032415165,-0.179750281
-0.011000824,-0.270531576
0.073352143,-0.193226276
-0.072345108,-0.255307177
-0.087354144,-0.169722308
0.060229072,-0.201873695
0.060834787,-0.251340259
0.002771697,-0.208577686
0.095092531,-0.178818213
0.027057154,-0.144699648
0.0270898,-0.247774016
0.083835544,-0.19356291
-0.037070873,-0.278291064
-0.015468391,-0.158707186
0.06408999,-0.209842193
0.016745606,-0.201836803
0.108014735,-0.168451178
-0.005678926,-0.224911269
0.058127124,-0.236800566
0.093055345,-0.19321356
0.111129007,-0.228860945
0.000352875,-0.094834994
-0.070417626,-0.260007953
0.073728325,-0.137285698
-0.047219404,-0.166383265
0.070903324,-0.13586532
0.068490698,-0.194440299
-0.026826974,-0.137870102
0.065447364,-0.271898896
0.059263648,-0.260861906
-0.059250152,-0.242928112
0.022662393,-0.145943432
0.005938455,-0.209833967
0.039578539,-0.287450845
0.000434549,-0.237543751
-0.025661825,-0.289365883
-0.04927374,-0.238258258
-0.022433987,-0.13060155
-0.026783681,-0.216838525
-0.006758411,-0.12337705
0.101782252,-0.252445962
0.057913286,-0.257680664
0.069125046,-0.089410782
-0.007565675,-0.266334725
-0.059362522,-0.151127401
0.046796581,-0.169187107
-0.001886659,-0.274120475
-0.023734274,-0.257330753
-0.042053898,-0.219584223
-0.006375964,-0.154486081
-0.019574388,-0.17262103
-0.050927227,-0.105636742
0.019124627,-0.222719912
-0.015757114,-0.253546975
-0.02113738,-0.242736377
0.084960195,-0.189590782
0.00746967,-0.282292239
-0.095380292,-0.113099799
-0.00277788,-0.230631728
-0.062494413,-0.185676804
-0.049471915,-0.169546669
-0.137230061,-0.197537046
0.014860261,-0.192918222
-0.016481057,-0.367955155
-0.054964099,-0.060412788
0.060990628,-0.271454418
0.030795912,-0.195745498
-0.14680873,-0.243003252
-0.121045207,-0.154277357
0.057123236,-0.135027508
0.122289193,-0.219531453
-0.032545688,-0.20673528
0.011787461,-0.234648648
-0.012795027,-0.286063362
0.000269151,-0.306001489
0.012839035,-0.188022498
0.036671432,-0.171351712
0.027669875,-0.17263611
-0.005384432,-0.248615472
0.078605261,-0.336455567
-0.072214839,-0.273732432
0.028983632,-0.308269548
-0.009406067,-0.196125772
-0.027359487,-0.185842993
0.030365656,-0.08333017
-0.092921018,-0.2588141
0.049865426,-0.235860421
-0.024784277,-0.269321581
0.060037573,-0.180764242
0.041875533,-0.215277425
-0.118393372,-0.099743586
-0.059520531,-0.194010613
0.083432813,-0.218674134
-0.019631446,-0.184999821
-0.033824397,-0.271291149
-0.147243706,-0.240618152
-0.005181285,-0.137471406
0.026744468,-0.165898573
-0.028376516,-0.144865726
0.039415384,-0.249407366
-0.01086885,-0.316013654
-0.06891382,-0.207392996
-0.066361265,-0.241157856
0.055609083,-0.270825741
-0.02556537,-0.293806354
0.024751968,-0.196076031
-0.110009046,-0.281206024
-0.053723857,-0.388480652
-0.097080062,-0.276946065
0.011517456,-0.243533794
-0.090311113,-0.245533395
0.021928957,-0.237953481
-0.102336228,-0.049737675
-0.008970931,-0.139254668
0.137223071,-0.15571371
-0.031671967,-0.353465314
-0.117583741,-0.258666623
-0.017073777,-0.121422281
0.117309276,-0.179332751
-0.102333018,-0.242696541
0.106325393,-0.229634016
-0.03212344,-0.290226971
-0.008295804,-0.263827491
-0.003293436,-0.163100115
0.07597201,-0.232405331
0.117113745,-0.123016039
-0.081891152,-0.13155373
-0.002434299,-0.286786088
0.043989477,-0.174815728
0.002638478,-0.225527604
-0.097871394,-0.087471852
0.043698387,-0.129941859
-0.005072476,-0.256577746
0.036363874,-0.315003369
-0.008161273,-0.275640013
-0.034410566,-0.19237848
0.01914949,-0.253549115
-0.055190272,-0.383422019
-0.126407155,-0.108393863
-0.017154961,-0.199341177
-0.115289042,-0.257139508
-0.160915071,-0.328934182
-0.132666585,-0.347507135
-0.124683261,-0.308004404
-0.089096723,-0.159451397
0.077964234,-0.280597768
-0.025025927,-0.243063957
-0.113943276,-0.294755537
-0.156694218,-0.180687159
-0.046179218,-0.1687992
-0.089916384,-0.257855273
-0.013560206,-0.234591416
0.040283672,-0.285708674
0.042617385,-0.253525691
-0.055951108,-0.260687563
-0.080259165,-0.132728041
-0.096505338,-0.156670766
-0.057406061,-0.237880289
-0.040742464,-0.238234316
-0.129812438,-0.293798845
-0.024638869,-0.25072897
-0.040306423,-0.193375925
-0.043014905,-0.260060513
-0.057503575,-0.152308038
-0.012621055,-0.185862894
0.000621504,-0.176730271
-0.100389927,-0.084646887
-0.064089245,-0.231672528
-0.14574045,-0.169091634
-0.021714533,-0.222707408
-0.019528775,-0.182306504
-0.035708277,-0.386032574
-0.064269114,-0.244265131
-0.032281438,-0.252376086
-0.050320661,-0.228559078
-0.070071425,-0.193870525
-0.055086486,-0.181746823
-0.096458348,-0.139037179
-0.112527116,-0.25174798
-0.151002407,-0.273258728
0.013348051,-0.206070084
-0.120508231,-0.204113903
-0.10696456,-0.361105591
-0.096832605,-0.115146235
-0.052021397,-0.353420462
-0.022839335,-0.116860488
-0.068640689,-0.243522603
-0.030364299,-0.28443961
-0.048766889,-0.081206097
-0.120715638,-0.23003387
-0.043443636,-0.207678673
-0.01645861,-0.24699187
-0.114608377,-0.238310777
-0.186556918,-0.247652294
0.062976118,-0.268366715
-0.049283097,-0.203438939
-0.047658588,-0.229761135
-0.111628151,-0.21250657
-0.058028345,-0.223971114
-0.036548654,-0.244657095
-0.146093686,-0.280650069
-0.03235951,-0.17138891
-0.113894205,-0.315399777
-0.138337234,-0.172502127
-0.020735129,-0.186165691
-0.017982548,-0.236075707
-0.068491166,-0.190258652
-0.022274254,-0.078054603
-0.138371802,-0.227366778
-0.053045306,-0.305087322
-0.171474275,-0.224205567
-0.124410422,-0.234158996
-0.140238289,-0.240093877
-0.076204475,-0.370016603
-0.036532601,-0.357567067
-0.067977938,-0.232675024
-0.070024908,-0.140531382
-0.179291597,-0.276053142
-0.132188211,-0.138794413
-0.005368295,-0.190444668
-0.182144511,-0.262021002
-0.055046805,-0.212112794
-0.127705423,-0.141205582
-0.123870613,-0.209878635
0.03356707,-0.127218065
-0.101743469,-0.187187803
0.012877284,-0.291797033
-0.031797475,-0.118881224
-0.029644207,-0.157403137
-0.092066843,-0.312094424
-0.13732088,-0.138154749
-0.088953855,-0.182375698
-0.15625909,-0.341983034
-0.22042495,-0.215899086
-0.2259523,-0.145647034
-0.025887552,-0.214413012
-0.033611058,-0.239232097
-0.207191912,-0.240311346
-0.138344233,-0.156765572
-0.077385507,-0.207781361
-0.121357941,-0.286167058
-0.082679032,-0.258726824
-0.01656069,-0.254392115
-0.148452673,-0.245369727
-0.036420838,-0.26620051
-0.10768449,-0.320772353
-0.095242076,-0.254992321
-0.130119593,-0.223242113
-0.102173188,-0.231975766
0.076029714,-0.16892657
-0.003641821,-0.131643912
-0.12289056,-0.2607594
-0.206406161,-0.289956885
-0.124017997,-0.236872744
-0.08796856,-0.222012784
-0.179703477,-0.250957689
-0.004417949,-0.249198364
-0.164738312,-0.246260338
-0.089738911,-0.254168546
-0.13631082,-0.251431611
-0.039492282,-0.179912657
-0.157078584,-0.275518585
-0.217474645,-0.162318549
-0.119515087,-0.24487621
-0.102828811,-0.308634603
-0.169895855,-0.218934359
-0.134278989,-0.354076624
-0.162104261,-0.213799497
-0.051449315,-0.224310105
-0.107963625,-0.258514339
-0.104663413,-0.196656373
-0.17247409,-0.165688145
-0.218913619,-0.231906498
-0.133160014,-0.129529487
-0.138710939,-0.033704569
-0.136932331,-0.272032175
0.019717836,-0.229718112
-0.137137584,-0.219657551
-0.182833027,-0.316555663
-0.16184002,-0.223946755
-0.054443484,-0.154747965
-0.09496912,-0.155384769
0.033955289,-0.188312217
-0.06702632,-0.245798644
-0.053402487,-0.295630311
-0.146595036,-0.279251762
-0.160993595,-0.106574384
-0.140205846,-0.252769187
-0.065813981,-0.24591141
-0.109612166,-0.193193052
-0.18214696,-0.24795725
-0.013879412,-0.218032372
-0.07590455,-0.148844722
-0.09652982,-0.218400237
-0.054379092,-0.302197498
-0.059502475,-0.353372905
-0.210019507,-0.251454998
-0.139167131,-0.324263851
-0.087488627,-0.229796934
-0.201719797,-0.297272376
-0.194129573,-0.275557677
-0.144126966,-0.227921005
-0.172616542,-0.229595858
-0.176975954,-0.213559867
-0.044356166,-0.171859838
-0.163733955,-0.215084387
-0.149212577,-0.249638407
-0.159164772,-0.156115008
-0.173855919,-0.21180287
-0.10399828,-0.285820385
-0.233353558,-0.176251223
-0.119201317,-0.255142143
-0.074683607,-0.203359665
-0.168535029,-0.249117493
-0.174875448,-0.288492858
0.020517939,-0.359729211
-0.12911394,-0.221424809
-0.223968085,-0.230396192
-0.123264126,-0.159140684
-0.140678989,-0.185905647
-0.041968373,-0.22753663
-0.183458155,-0.307318768
-0.097898773,-0.251358255
-0.063776234,-0.215925794
-0.158727235,-0.254201323
-0.18240858,-0.296299313
-0.11548561,-0.245073419
-0.113707786,-0.321756119
-0.13217659,-0.27453753
-0.248325942,-0.233199446
-0.116989854,-0.156299671
-0.080248961,-0.241419759
-0.213522397,-0.034770064
-0.189333122,-0.260684545
-0.127988417,-0.28279144
-0.197616258,-0.309873529
-0.169980657,-0.285379003
-0.135039052,-0.205727057
-0.202561001,-0.240055581
-0.194242927,-0.206444244
-0.199932863,-0.200017334
-0.212178551,-0.180735228
-0.171550895,-0.339504484
-0.150666883,-0.15861583
-0.086492859,-0.201570012
-0.074197372,-0.173430679
-0.037021614,-0.198867401
-0.135693643,-0.188359407
-0.131600284,-0.164248364
-0.101584362,-0.273543664
-0.244413336,-0.133354399
-0.10879265,-0.264597099
-0.170609184,-0.101911366
-0.237905872,-0.19325167
-0.252277739,-0.202376011
-0.150916581,-0.223517504
-0.113253078,-0.220480654
-0.099135662,-0.145919882
-0.18787881,-0.19603043
-0.159186286,-0.15317135
-0.097471184,-0.163321455
-0.171409649,-0.264327369
-0.251053354,-0.144318541
-0.053946266,-0.19399896
-0.179002905,-0.153625054
-0.276676271,-0.225383026
-0.29641452,-0.183701812
-0.174930591,-0.189389996
-0.203047195,-0.32116988
-0.118003111,-0.247981299
-0.167665068,-0.151022696
-0.144564475,-0.257798561
-0.195318379,-0.220725448
-0.12057099,-0.129935326
-0.244811935,-0.268301533
-0.173601053,-0.206905976
-0.169949547,-0.269681721
-0.263391655,-0.210982487
-0.108776449,-0.16777898
-0.190996853,-0.228684811
-0.252044492,-0.151071233
-0.133530979,-0.214963691
-0.162289257,-0.188238438
-0.130358337,-0.10545841
-0.292834776,-0.222551384
-0.192288079,-0.280622704
-0.205514523,-0.154432414
-0.234252984,-0.329639237
-0.250609897,-0.185446103
-0.235703103,-0.14536134
-0.223992095,-0.188175054
-0.22689908,-0.163735448
-0.290308118,-0.102591967
-0.205331,-0.209428449
-0.278604558,-0.200887103
-0.197572585,-0.273039017
-0.158010426,-0.078949705
-0.122821806,-0.203569498
-0.161517049,-0.186539971
-0.170365561,-0.323396491
-0.250852229,-0.215872134
-0.158677783,-0.17643694
-0.203589529,-0.328098888
-0.283843705,-0.117100996
-0.19032809,-0.196316971
-0.219503629,-0.022094909
-0.240992413,-0.205204471
-0.168032492,-0.116614626
-0.208801917,-0.137743826
-0.14160597,-0.179822813
-0.281200505,-0.146846063
-0.196419354,-0.10147095
-0.253766164,-0.194719225
-0.234141241,-0.304853067
-0.267566896,-0.311549719
-0.103180478,-0.178853108
-0.169407314,-0.180635975
-0.138749729,-0.101485859
-0.231089337,-0.25026843
-0.140766351,-0.056727187
-0.221062671,-0.237213046
-0.188374307,-0.247817113
-0.255808142,-0.150084227
-0.222786369,-0.158691279
-0.240388602,-0.154782451
-0.19008819,-0.158470146
-0.140669767,-0.136744535
-0.304514335,-0.079139334
-0.287160708,-0.294561868
-0.155459004,-0.235050568
-0.327539507,-0.190294615
-0.103534599,-0.13343851
-0.173010346,-0.2511391
-0.263751161,-0.131034929
-0.136086311,-0.119144334
-0.182942048,-0.247055086
-0.228094087,-0.111230726
-0.132572722,-0.160639717
-0.211254792,-0.163415246
-0.246765546,-0.132127648
-0.205078787,-0.154765532
-0.22810394,-0.163456325
-0.25692152,-0.085373282
-0.237021297,-0.139281465
-0.33805624,-0.121529931
-0.243391572,-0.143614986
-0.247524357,-0.13946323
-0.254500031,-0.205990604
-0.281087118,-0.27007401
-0.198063792,-0.112753963
-0.214687157,-0.218519393
-0.293750681,-0.237354842
-0.118366686,-0.172148283
-0.290964687,-0.245097032
-0.27133394,-0.190414656
-0.104959829,-0.174300592
-0.302594743,-0.220175308
-0.287524878,-0.094798283
-0.107057027,-0.082225601
-0.249863638,-0.101946006
-0.23238693,-0.182443404
-0.295582707,-0.189054482
-0.277744028,-0.187690914
-0.269656543,-0.193456797
-0.326980523,-0.140900164
-0.309305339,-0.152134157
-0.270451975,-0.222784184
-0.344965592,-0.189868483
-0.179219297,-0.070384116
-0.202317528,-0.246994557
-0.248267819,-0.104087636
-0.205529619,-0.207146113
-0.222590414,-0.115219916
-0.25998792,-0.213844491
-0.285838533,-0.137475572
-0.208339396,-0.19725005
-0.329448672,-0.161081696
-0.255299543,-0.162344009
-0.154438216,-0.148592584
-0.281252058,-0.195446701
-0.208293098,-0.247548344
-0.233656216,-0.167443712
-0.118838631,-0.089494352
-0.219383774,-0.22933901
-0.212414076,-0.185030388
-0.275750157,-0.274722748
-0.382132259,-0.141844595
-0.218200387,-0.184865004
-0.207646709,-0.142693503
-0.329452777,-0.234918117
-0.176141317,-0.133230476
-0.266383168,-0.22298102
-0.232290605,-0.145001019
-0.245177724,-0.138679955
-0.199714603,-0.207308722
-0.262628723,-0.19421634
-0.225918421,-0.108314832
-0.229291506,-0.127852961
-0.219764386,-0.220569281
-0.2096512,-0.207535674
-0.216007612,-0.220383283
-0.187441001,-0.129001864
-0.206392231,-0.194203853
-0.207361424,-0.198341864
-0.277334628,-0.168915408
-0.224775969,-0.075373875
-0.27000012,-0.164035593
-0.237951005,-0.191487462
-0.169651329,-0.087329398
-0.200907283,-0.177906592
-0.352999651,-0.201434298
-0.232905078,-0.187298104
-0.240284271,-0.188987356
-0.247325516,-0.159171189
-0.236297573,-0.247445208
-0.181378138,-0.158822823
-0.237841799,-0.03483364
-0.260740247,-0.077070953
-0.281558509,-0.083748004
-0.234457155,-0.144257056
-0.279917221,-0.111009358
-0.31956214,-0.198594849
-0.204999704,-0.103672055
-0.230259667,-0.165971387
-0.264153333,-0.229839737
-0.343571253,-0.116655189
-0.330141735,-0.13277477
-0.359724928,-0.167215621
-0.323034117,-0.106498884
-0.266624785,-0.122986075
-0.336426328,-0.210072426
-0.232433284,-0.126392277
-0.316417223,-0.201648259
-0.21007676,-0.106740483
-0.230468391,-0.125655746
-0.329315593,-0.119096081
-0.284603004,-0.121611014
-0.291258517,-0.102337954
-0.302910116,-0.210549697
-0.21870441,-0.073418386
-0.223393253,-0.227586524
-0.247691392,-0.195998062
-0.221073124,-0.073554423
-0.21426048,-0.02065977
-0.181342347,-0.126656328
-0.274842262,-0.170054674
-0.210380526,-0.111452361
-0.204675643,-0.188760383
-0.327681296,-0.123707859
-0.266656824,-0.182576836
-0.256554651,-0.141750598
-0.202864083,-0.121150234
-0.263825409,-0.177576153
-0.380564709,-0.2627654
-0.159953226,-0.086966516
-0.191802305,-0.130908959
-0.37509492,-0.189786043
-0.35273905,-0.265172403
-0.241136672,-0.177397475
-0.264875578,-0.111004775
-0.264879759,-0.210368275
-0.289237449,-0.10010425
-0.314549221,-0.097202015
-0.208466746,-0.090068561
-0.219078885,-0.000799689
-0.18593456,-0.09438676
-0.188308487,-0.207028658
-0.284210316,-0.076401894
-0.266566769,-0.129935887
-0.362822945,-0.149498442
-0.238381792,-0.162778501
-0.238086788,-0.157252053
-0.172303039,-0.047665482
-0.153739953,-0.268221514
-0.319564123,-0.185492328
-0.270469926,-0.055289884
-0.279433762,-0.106967158
-0.271647167,-0.170618408
-0.231896286,-0.16244389
-0.270952812,-0.060689882
-0.28192122,-0.138930971
-0.29014223,-0.071042927
-0.197759743,-0.129108484
-0.327135968,-0.1533059
-0.327528717,-0.13184627
-0.22343403,-0.119423795
-0.273937754,-0.050509051
-0.334268312,-0.177859161
-0.282289849,-0.098531959
-0.302224325,-0.12293909
-0.278175245,-0.088285646
-0.310778605,-0.114780938
-0.254901996,-0.095496483
-0.162205541,-0.01813112
-0.333382558,-0.186072385
-0.366425077,-0.15920732
-0.2705866,-0.084315352
-0.214343979,-0.160113677
-0.284819615,-0.075771579
-0.327683902,-0.162529748
-0.250845364,-0.04569981
-0.214598403,-0.032066592
-0.296028706,-0.101259705
-0.270275979,-0.144222002
-0.389233821,-0.184187119
-0.323775128,-0.132592065
-0.234248073,-0.091378031
-0.256837516,-0.214341379
-0.344702608,-0.137209969
-0.259366782,-0.049592205
-0.134468382,0.040561397
-0.219761201,-0.102519677
-0.312820841,-0.093568481
-0.207575186,-0.258943824
-0.339695195,-0.199468717
-0.250099334,-0.09158685
-0.157153297,-0.025780849
-0.269379581,-0.048075162
-0.276380344,-0.070724122
-0.271158455,-0.048605278
-0.264154729,-0.099470779
-0.244887285,-0.030766869
-0.332293136,-0.156164583
-0.259375145,-0.028554172
-0.233249986,-0.031417108
-0.301822695,-0.147095841
-0.33962439,-0.098760713
-0.297051684,-0.08425745
-0.233118618,-0.122352447
-0.281423887,-0.085408354
-0.340867778,-0.100977041
-0.30543842,-0.153382854
-0.268612768,-0.04142103
-0.330435312,-0.083327343
-0.245263107,-0.15912474
-0.217236697,-0.002971826
-0.253061401,-0.112437353
-0.326184205,-0.102212269
-0.208002476,-0.063355324
-0.255419619,-0.135075465
-0.221390203,-0.13215426
-0.22372321,-0.085172512
-0.250489212,-0.031420182
-0.345785649,-0.132592189
-0.368991275,-0.138870368
-0.279590008,-0.070036557
-0.237908589,-0.041810546
-0.242309314,-0.08351624
-0.238593937,-0.023426582
-0.27042947,-0.054881239
-0.33505565,-0.085379409
-0.196281697,0.029459356
-0.252070929,-0.0429529
-0.278970677,-0.067556542
0.426712968,-0.078832947
0.481959612,-0.068333287
0.494536632,-0.081347644
0.438824834,-0.057961727
0.533387489,-0.103695288
0.48875152,-0.068030006
0.517513908,-0.135644603
0.502819721,-0.134851481
0.49810083,-0.074877254
0.441085854,-0.166414356
0.524336307,-0.16441907
0.603148471,-0.212585453
0.552259289,-0.146885283
0.533564949,-0.099869196
0.543994029,-0.136959742
0.477847865,-0.072925014
0.518470837,-0.094992114
0.544464935,-0.122893254
0.606560357,-0.209070177
0.483758729,-0.100972967
0.50492085,-0.204808246
0.527733337,-0.128415534
0.513752227,-0.115158477
0.425735832,-0.08691795
0.475042939,-0.218548819
0.570597107,-0.160522413
0.502769994,-0.258934237
0.519842959,-0.127156244
0.520687728,-0.114624278
0.49386091,-0.109009977
0.567630603,-0.237233937
0.577281007,-0.196786083
0.477617461,-0.139781589
0.610518668,-0.18121714
0.532582956,-0.147853316
0.553322274,-0.124475431
0.581159046,-0.166860897
0.484754862,-0.178392143
0.414227205,-0.072037736
0.616579708,-0.179464388
0.567937797,-0.248009242
0.414116075,-0.171820803
0.521535932,-0.154767061
0.633105462,-0.165708997
0.648662147,-0.210266438
0.475765737,-0.207729327
0.520145426,-0.152273193
0.669597002,-0.245602677
0.443277152,-0.21590795
0.453888594,-0.158665853
0.54754286,-0.224688474
0.586869404,-0.257234872
0.537420972,-0.156931975
0.539383433,-0.169268763
0.525837993,-0.210830002
0.53530549,-0.175976858
0.517773961,-0.173709289
0.602907716,-0.310409825
0.52197071,-0.175815674
0.604251607,-0.149890313
0.594190101,-0.246960252
0.58944737,-0.204956205
0.431948637,-0.316886987
0.594148236,-0.22804443
0.547669468,-0.210568389
0.486387342,-0.223960088
0.573469955,-0.327684169
0.566560638,-0.249006979
0.60251364,-0.199019038
0.538440007,-0.255469336
0.479805512,-0.130707718
0.483992033,-0.138096547
0.609736444,-0.195687138
0.576711437,-0.226233796
0.514586188,-0.126290862
0.387360352,-0.229802246
0.531701649,-0.253521123
0.627800048,-0.210775655
0.576452786,-0.237042831
0.563139303,-0.357501018
0.618403188,-0.168356291
0.499757847,-0.156367765
0.603865048,-0.29002473
0.58321986,-0.198197795
0.510680638,-0.222670269
0.653732972,-0.22952938
0.499299714,-0.183691782
0.603987627,-0.224713262
0.527391901,-0.157832338
0.641945638,-0.237656593
0.583830421,-0.338899468
0.497834319,-0.266003695
0.456489672,-0.225591261
0.488894025,-0.291067861
0.605485624,-0.225269025
