0.0522353095655667	-0.0176658813008284
-0.00390206313961106	0.0154368475305563
0.00912539693055576	0.0270794668460424
0.00522281800461494	0.0521146388965402
0.0414823960019230	0.0764571764063376
0.0259401059688123	0.125108168230331
0.0126676212893854	0.105531713619846
0.0613529049945856	0.160670848478813
0.0726095431298679	0.167160000814128
0.0103702974521032	0.116157510326288
0.0260917296007507	0.169396238048753
0.0148331472465268	0.158324382875600
0.0514161547364272	0.185780384370287
0.0766818557217915	0.200155738718934
0.0243579075215485	0.195766145778344
0.0931320651425672	0.249782142122020
0.0595035232561294	0.247601090555650
0.0732262327631876	0.301092887218942
0.153683323479810	0.298154126652746
0.0864039275149650	0.330579189145611
0.110191244309407	0.336253188266223
0.109961892648429	0.335033036891929
0.107602341196257	0.378751826456300
0.122447343415268	0.350141879667718
0.149281807414444	0.370020833436745
0.123154172130796	0.435314717865468
0.113102161335797	0.405696092193103
0.103303232706861	0.411138262098747
0.115045952099709	0.408784125783511
0.208143506980663	0.473896950138224
0.162077104399013	0.459403534593443
0.147923476399590	0.472584770216982
0.214451734193688	0.470892610506829
0.182083174759273	0.507864576245198
0.207540034145833	0.474941038189499
0.174481692166560	0.509866357859892
0.254483333030099	0.510225402677097
0.172364493371003	0.509498489681219
0.213318039015699	0.560866346120331
0.199894746932783	0.638722335526731
0.169455460528049	0.613351047160901
0.279687571271019	0.620134889837970
0.229942647747605	0.631465034225052
0.292094926714676	0.670919836929621
0.272567830405934	0.650304800608809
0.280194901193426	0.678778376836668
0.208958756691522	0.655083522543007
0.213004538384084	0.683341483482147
0.206631644890229	0.633680273586971
0.277360542476907	0.680622122772742
0.238011890714251	0.700049143763188
0.271182985810630	0.702084995163584
0.258963004984872	0.766184410670482
0.226912832174922	0.753447236818349
0.290907688919198	0.765060033516546
0.297588249540009	0.743593421584803
0.277636863477719	0.788481596575917
0.334940896127344	0.794294583801083
0.313512444972683	0.787534706569411
0.306643161793707	0.833265863841204
0.264023933635040	0.850119734112582
0.314161824823130	0.835165531978663
0.323592929957734	0.815014689125111
0.300184703168699	0.826556932045785
0.342049491143723	0.792465493004582
0.323572249415804	0.963792284020549
0.358361283831696	0.896257623395170
0.328047239398637	0.828459009398866
0.351562793941973	0.868379757132186
0.361487676693959	0.894191149658656
0.339130573478230	0.859648334056261
0.326757684880226	0.905345798759995
0.365378468784634	0.865363791806889
0.343793534382451	0.913613376249304
0.376594162279809	0.939972939479598
0.357580393680011	0.907132685124060
0.372759471774978	0.941899187791759
0.417489566497516	0.922923362737001
0.462603872875902	0.952944389365073
0.410028152886601	0.954550191724551
0.449147595286205	0.952339443869211
0.466850735705665	0.960967252618734
0.429024551482762	0.978155360683653
0.366357856026588	1.00877555838897
0.388419198634135	0.961604052811454
0.413109984475009	0.982599547830713
0.448350534600872	1.02871503588414
0.368867809362889	0.946695476943457
0.441379065491656	0.985456799713692
0.417940104415678	1.06231714230770
0.431992328253164	1.00494244800806
0.473900834810737	0.914411879551386
0.443749371309572	1.02742473537892
0.508701172095687	0.944869871481957
0.480361399953157	0.993210389185789
0.464943931792864	0.997899875364568
0.437330351343673	0.988057372881996
0.491517246233786	0.983199235993391
0.539177367106935	0.988193200788678
0.484054359542325	0.981684029757228
0.505173870322136	0.976868182735749
0.517381135507487	0.990521626255920
0.452926166030995	1.01708693890212
0.545233412626802	0.980265160702842
0.491984380992045	1.01765651807022
0.521492619069571	0.972444340621477
0.520656298960664	0.964412530883387
0.519016950275673	0.963926643868727
0.524518104865959	0.972820310875749
0.508377440257324	1.00612190443961
0.538491603866524	0.970438718110372
0.612891656929917	0.958768492097163
0.581403618196679	0.969018246478745
0.544390671649412	0.971939345903004
0.581689713414272	0.945531959746731
0.594137201315392	0.965376883008334
0.549444383666389	0.953981474729553
0.604517678472531	0.961590551711499
0.598076720276129	0.953444727887609
0.617119322532949	0.972818836747928
0.625922784967603	0.944379795000054
0.613981992035683	0.937623384398559
0.604377803722774	0.927522212000190
0.615803855988432	0.938430105010942
0.636151221787777	0.917301301369370
0.695089951368294	0.940103068364926
0.621803968633763	0.912597772494040
0.673259230683083	0.927578994483738
0.675034659491218	0.884889552843500
0.665261837083871	0.891016672855482
0.650880797448966	0.870605847065427
0.647531572811719	0.866653745345677
0.667348487495835	0.888605476055277
0.599808520996485	0.882854988117158
0.607884670520675	0.835846043577246
0.646963079392244	0.831622861989491
0.666932592594809	0.850135311769930
0.744777682491547	0.836624114999124
0.742954716030835	0.821062202546898
0.713404085298926	0.828111576481859
0.695644792987668	0.817935943667251
0.777842555830649	0.803136762937368
0.698347632669861	0.796141787100233
0.699837199856666	0.713764130932884
0.740738280549529	0.796907153096415
0.776801806529877	0.770002892703481
0.810473332592835	0.734212343522727
0.761812193074225	0.702029911516116
0.747731396541870	0.761973559846691
0.782558128994877	0.712267719239600
0.773401757450166	0.694653607925608
0.777709539479008	0.737244199621664
0.778635072844877	0.703468937622887
0.727437553321390	0.683704111701609
0.767616340586928	0.668658363709759
0.780934436544798	0.644343274820130
0.771953592969688	0.612547157988481
0.805019593538593	0.606556101460220
0.787288202380845	0.591265124731211
0.831702500138772	0.572302221758582
0.855976056419143	0.613489810509810
0.849112070055070	0.552717975059530
0.752463794485671	0.583389626551601
0.787023727089944	0.556745671475603
0.835322143427888	0.506324176697684
0.843654326122508	0.484445981415392
0.836059732325139	0.515977870369087
0.815659404336840	0.488256219998623
0.822396552534693	0.425592806383465
0.839043937299318	0.479076244660722
0.836843622952808	0.427213391445940
0.841435813949004	0.452756060405969
0.874665694996477	0.438470577749621
0.897315874087564	0.366058918234575
0.862460975276136	0.367838848995975
0.901062197205944	0.359182552432519
0.932401849806669	0.331168912227285
0.957014042490733	0.352531458707969
0.904002612846512	0.274074237549346
0.970731023800175	0.296846633321853
0.946596178844464	0.300656794241533
0.941498729596718	0.282129260416787
0.890410689399204	0.253049162468134
0.950988536439185	0.289297710385831
0.941617967059723	0.250516139427339
0.896946878678779	0.271854616239624
0.940922737641337	0.187521094539588
0.977872651907579	0.282733685289938
0.934097394187630	0.159982189811138
0.965141137748721	0.182807846789803
0.995836418971988	0.0985398606058092
0.994999402768223	0.134661189118904
0.956070315181859	0.110972753334515
0.987872203752551	0.101921375532336
0.958728878789921	-0.0365098417438212
0.999420630245245	0.0906906286279424
0.994154554635360	0.0207994810205955
1.01793763234616	0.0283357069119512
0.999913732312235	-3.40146503956494e-05
1.02438116239734	0.0370811320024371
1.01266514927415	-0.0383342988519918
1.02204289599031	-0.0393113338154745
1.03423604309355	-0.0330269695531019
1.01699377488681	-0.0732787775870698
1.04938722953148	-0.0607707762032561
1.02200059703685	-0.0710988751506270
1.04656861239827	-0.167766968199439
1.04273485463650	-0.181790211457124
1.07684193755784	-0.144685689893897
1.04393932475775	-0.127322309247162
1.08129289528346	-0.165063988031054
1.05203400662719	-0.236288550003031
1.05074757894816	-0.170957636395723
1.05833063828372	-0.200906656998147
1.08441251189530	-0.205911891988804
1.06284901085511	-0.227336177413208
1.10081521706460	-0.221561772546743
1.11949918829929	-0.342913963343996
1.06387149816586	-0.282835255710489
1.12605227361895	-0.322864749440854
1.06333968230113	-0.295750962214254
1.15035786661728	-0.337090224664426
1.14095439816025	-0.352369911814913
1.12195574511024	-0.331759582340483
1.14017085058884	-0.318510389858721
1.15481719967675	-0.379088087752834
1.14936034002347	-0.431625458224496
1.12855512411908	-0.411254617360946
1.10881073064526	-0.410598289404508
1.13592597286486	-0.440545715869046
1.16809044750900	-0.470786854871100
1.18746456187141	-0.470417738915935
1.12225692609946	-0.505447291973161
1.10720373689695	-0.518751296674288
1.17110509952023	-0.518537555587617
1.18303047343133	-0.573473461235223
1.21565883589399	-0.493272515650605
1.16149257199018	-0.549714734424675
1.14202413323379	-0.544301835470853
1.18937598322760	-0.632996556821894
1.25037388029155	-0.605798343621840
1.23354189995165	-0.618097580969599
1.21001318815248	-0.586716640230667
1.24158296806406	-0.618020543986899
1.17367499608025	-0.654790458685044
1.23254842322599	-0.616559839485914
1.23913650590531	-0.677150056796882
1.23521185553557	-0.607922398898016
1.30140885131678	-0.705661208934919
1.24768266953323	-0.752252290527120
1.27399575732273	-0.758159655532982
1.22699711592086	-0.781037059092548
1.31013558844336	-0.723117044121079
1.27842642914196	-0.718975934093014
1.23062705443490	-0.803802080993014
1.28844799359835	-0.736175453730816
1.22233124165280	-0.775410478891463
1.25521612933868	-0.793141472128972
1.33968267400311	-0.745302148773465
1.33943580477194	-0.803068661340492
1.30493131082534	-0.800896882904145
1.28205397720940	-0.837263640562906
1.30257470519204	-0.840656962522632
1.35087558386587	-0.773903150915886
1.32737709480110	-0.877489262697708
1.33467644436904	-0.812582962992109
1.34094441644076	-0.896097061453568
1.33085655908555	-0.919254296493315
1.39013048333483	-0.849137499195420
1.37234010838782	-0.923710566825424
1.35297429714191	-0.882146618465414
1.37559502798606	-0.898282330447268
1.39370922940491	-0.938247102297009
1.30234340518841	-0.919722618859933
1.37030663420382	-0.901657856211510
1.32893486983769	-0.913682756256392
1.37452035560262	-0.952017389343147
1.37847774459441	-0.964977562138317
1.34867746249925	-0.945053442157522
1.41980285164636	-0.951746584358960
1.39974200600611	-0.942080051377872
1.40060357338356	-0.940593047354883
1.38114243275024	-1.01518281855253
1.42067179836023	-1.00550845048360
1.38994164984981	-0.984286027841368
1.45087715768879	-0.959291130102991
1.44399410531067	-0.963482791925201
1.45940310045735	-0.998206126709000
1.52641328422503	-0.987945904920608
1.48101427046912	-1.01947728963742
1.39936629383910	-0.994172638243964
1.41337289036087	-0.955145899710981
1.49318650184247	-0.977145951098455
1.45635227228215	-0.937658291896401
1.42638401346296	-1.00163411678795
1.54847875765225	-1.02557618963378
1.52667674454226	-1.03829105594788
1.48718697679658	-0.917018607819154
1.47992905219841	-1.01027226334887
1.50370056190010	-1.03093626209424
1.47944524870993	-0.985641372026883
1.47854648144855	-0.992859805959885
1.49334435275837	-0.968336876446591
1.50453727168433	-1.01423298616031
1.53167939008399	-1.01744778320037
1.55672860343757	-1.00649112620734
1.51695069909874	-0.993075964743868
1.57502947012564	-1.03253294901237
1.54413473189512	-0.998901265923129
1.51640790999071	-0.993911865897365
1.57857952655781	-0.938602870079060
1.55177053923783	-0.971176418551431
1.50976984168866	-0.942236262027339
1.54952227945713	-1.00100076428966
1.61331328739662	-0.950165524625169
1.56260297922116	-0.970908840584552
1.62992201058066	-0.960514609108469
1.61246638267792	-0.966383652587866
1.52889290200719	-1.01691782829703
1.60067426957686	-0.931029367211408
1.61656046205162	-0.945182856363626
1.59651455203368	-0.979947423662828
1.59129749405648	-0.947643255966680
1.62953570374162	-0.951508419674609
1.57296467733809	-0.939766086042499
1.61384797734302	-0.947577673632759
1.66357193337277	-0.901969144228082
1.68226770601446	-0.922430769678657
1.70732113617555	-0.911669230125737
1.65657138138729	-0.867282661767118
1.65233287789049	-0.911610988327112
1.62467055848571	-0.894695340734880
1.60601003861660	-0.882305537649717
1.67088583624113	-0.827917505624792
1.66817376410651	-0.880155378283678
1.73686417994699	-0.816352945423239
1.65860941501368	-0.816773749613033
1.69216434071314	-0.825000785073707
1.69687013460702	-0.778174859252008
1.64615432761227	-0.793171616993102
1.67975654621035	-0.839769987576373
1.66921789385212	-0.841338980297398
1.74443972195978	-0.783449526900259
1.72550130266691	-0.768480920703247
1.80284647313890	-0.752226588347940
1.72892993805031	-0.742827251874552
1.72306053605233	-0.711571128212539
1.72891149710773	-0.683283291236835
1.74581806738866	-0.692618935930269
1.75264632601696	-0.689071411081861
1.79389496929383	-0.703131594245311
1.71999885456126	-0.688232264957213
1.75519511014923	-0.719300772050092
1.81525835902343	-0.611291182144158
1.72487461204264	-0.681212006428901
1.75910359594746	-0.647684608734855
1.79256281445580	-0.627880441077336
1.75029696981671	-0.599653979176156
1.80017464153447	-0.561903908617232
1.79884334868739	-0.544617446267893
1.75963633086664	-0.564334033252347
1.81587580155974	-0.558273417282830
1.80133127243083	-0.523685496591065
1.78267766741653	-0.563223614025419
1.80559821331895	-0.486382606668581
1.78078474396585	-0.517629477826554
1.79958587800522	-0.483515118858700
1.78344649576293	-0.529234653511320
1.82954865424465	-0.395735216405946
1.86526317545855	-0.458840300579702
1.81714035554628	-0.481490752738106
1.90403562295511	-0.361499919095148
1.85282485698282	-0.412272342828575
1.90078168867778	-0.383809487877256
1.87914499399911	-0.377469412296349
1.90794497317346	-0.390271408682949
1.90516560103503	-0.389123529636113
1.89202797645996	-0.334671275113692
1.86328614239177	-0.322895531241690
1.82786211916404	-0.320618541497523
1.94102901525331	-0.255924629534063
1.85453942206631	-0.218144316654011
1.92037733110056	-0.243361953279012
1.95186949904756	-0.253190600380931
1.85230121020008	-0.291228679545159
1.90979635126755	-0.259083583806195
1.92849634401892	-0.210185836951623
2.00339608415436	-0.218149389841724
1.93381726088660	-0.155144950801673
1.92827030490718	-0.119718999504211
2.02335405693066	-0.0948818144946141
1.96133923732348	-0.107922216936132
1.92033951836424	-0.0984707401892108
1.95656471994426	-0.0821463417285045
2.01995009300631	-0.0545873468992078
2.00056781964544	-0.0788058590529732
2.00326022516491	-0.0846922929046514
2.00234922571838	0.0307147962933908
1.94136874923123	0.0102347132547275
2.00846098481911	-0.00128558571470595
1.97334607870269	0.0135280543190099
2.01893817667519	0.0295905091411695
2.01906154273758	0.0552239622973400
1.95667289564962	0.0541168427998294
1.97524508612612	0.0967806199506294
2.04168496444885	0.126167415244186
2.01082504817312	0.103995917186883
2.04232795338477	0.138859127622769
2.08653658218810	0.162576398817665
2.02315043417044	0.141951222716189
2.06825929526827	0.153902692202947
2.02934080910669	0.236972331582912
2.04387608165392	0.205591843543434
2.05649258822918	0.198195482033444
2.09677167461697	0.218950360332246
2.08580468010273	0.240874061741577
2.09160872497819	0.265400065679913
2.13887949378220	0.290277077294183
2.07805591233308	0.281530589852685
2.10197378278343	0.305534361080630
2.11943233694170	0.378291073266394
2.08162533788206	0.328227068176683
2.10380560178130	0.357666899990154
2.14158472171184	0.379872581537918
2.10225880964570	0.387556814989801
2.07329260598938	0.365817872465721
2.07829189144995	0.398241027246423
2.16456425525963	0.477243378154221
2.19978997879656	0.412025598538499
2.16441548084217	0.433022324797668
2.19608988928352	0.444907116956411
2.19392473609185	0.468301017296750
2.20279688570815	0.505118931155474
2.16127396760392	0.525768828367549
2.14811170629680	0.494248420824988
2.14252538147165	0.538891689945500
2.17940289492772	0.526871560320561
2.20787687445781	0.585439140371645
2.17897750530562	0.590888865106609
2.19422907125452	0.593590168495050
2.21688513556474	0.516335513337936
2.19771750550277	0.581202430712731
2.21177439661520	0.609632283218633
2.19564586643438	0.584072909161553
2.23698401226197	0.627381352485221
2.25533986536621	0.632679271719733
2.24217610139589	0.630219933845923
2.27476441167029	0.685978937191688
2.21544750040508	0.612508102672039
2.25242939236027	0.709254470580740
2.24652042017064	0.730438878701472
2.29927524808029	0.706954535410316
2.24317924730366	0.733426624051464
2.23858865231639	0.717015436437706
2.26110945358673	0.777510145292722
2.24964997529795	0.785046632051251
2.24841190194603	0.705498455348704
2.31085829226268	0.755410888911286
2.32139554635556	0.758730773666157
2.30172235880884	0.795468966385192
2.35613383063018	0.806798843500059
2.34793502411737	0.827960910859967
2.31539393732215	0.841576296645761
2.34700606089825	0.824743183597548
2.32958600819960	0.832048725554220
2.34645434205811	0.832249968345831
2.31348310843213	0.867473494504759
2.35877806192235	0.844897298425244
2.33038092996701	0.875103611583403
2.30832403716117	0.871304931813461
2.35682586738973	0.851010903953331
2.31397624840334	0.865778216484654
2.41583122398837	0.938988007843903
2.33324444976050	0.953230095965468
2.43919997284952	0.920362149400675
2.42188511617426	0.934556053704170
2.33549417566178	0.971181837876208
2.39728300795573	0.917692039904918
2.37096360704202	0.932224464197931
2.36730598514187	1.00764989811412
2.40066963718445	0.996409356259819
2.43251024822712	0.920136881029851
2.44804907110871	0.954667687248881
2.41693681255825	0.966821410776006
2.45065481883353	0.914551425002866
2.44596439995796	0.947669134716795
2.44386460723717	0.974717396577477
2.48700887113039	0.991070754859265
2.44344771107752	0.969422773908800
2.47888191400539	0.974660613202670
2.42963116097097	0.972499032703613
2.42035264187722	1.03359388570254
2.49563701037070	0.999125710913858
2.46734992040065	0.957033911364203
2.47399790302183	1.04391355945499
2.46484796557553	1.00497123362293
2.46340455829762	1.01559222946398
2.46873671259732	1.06154658293457
2.49723360939193	1.00177742512336
2.51859136872806	0.984255864709472
2.49558507433275	0.950028355233036
2.48767320284453	0.982189663384644
2.49078406182934	1.01089732724712
2.52060356123463	0.994164703680843
2.42942321627083	0.988424213432015
2.52173849339261	0.976471850992513
2.56106271434636	1.03996627281420
2.57366891496670	0.993721302480137
2.47454191112499	1.01431983229758
2.53804858476853	0.967135263808124
2.58553049083207	0.942779453024651
2.60906116985289	0.996722891806679
2.58122966861388	1.01773147862748
2.53793433826815	0.997483304110532
2.55498391718759	0.922404602570892
2.56648553429534	0.950307408889375
2.61298303960840	0.949384326733509
2.60919039667726	0.938554535302921
2.58602144561974	0.969555658323465
2.59208295892411	0.934817885067618
2.62328444977373	0.958191149592025
2.61816005653267	0.968560694458962
2.64808334961285	0.901432889252382
2.56721183426197	0.992052015212025
2.62806396541954	0.937997879022473
2.57095721979103	0.899530470759703
2.63893781951118	0.925242132262687
2.58954929750253	0.897988188562939
2.61035699248611	0.862745466065442
2.62673726519464	0.957932978425959
2.66493464793449	0.893459202368996
2.65619782584339	0.856821106101383
2.62025581682538	0.856744020561819
2.66974685096006	0.870166107872229
2.66155812380260	0.867325319849531
2.68106853177251	0.827143936584893
2.67119423368846	0.817942327915148
2.69592154873537	0.822529683441861
2.69810925199284	0.805254554097659
2.71662811803847	0.823051624060456
2.65007197758976	0.789966811767025
2.66168094698894	0.807242598272638
2.73145348927771	0.734226473638131
2.75555570204006	0.755998286697008
2.71466495091278	0.786734051433018
2.74786887657101	0.775503967769512
2.74102425976669	0.755729875898776
2.75300164633465	0.762658160105456
2.72951859358916	0.736820195414514
2.70971063381525	0.695184811899168
2.72893285243542	0.692832723907395
2.73433698644578	0.718497928157558
2.77869287368877	0.661878003661698
2.77353698659777	0.660028536397472
2.76426037170308	0.642465817016339
2.75800907270234	0.602696921791626
2.78320032058553	0.671255001832495
2.74868133484072	0.515968114606346
2.77747948655976	0.651661966272139
2.83371620598142	0.593108013099106
2.72905768100783	0.587685487650299
2.82432716336273	0.584184609703626
2.80988759251153	0.600895678902708
2.80740188248449	0.508234420400764
2.84448907645751	0.547003307367740
2.83267614242190	0.497201190336713
2.79878311363587	0.500734001977784
2.80371262648490	0.435834447269076
2.81901865060862	0.513622869845185
2.89655572870199	0.452488868049682
2.81342369947125	0.513790565564743
2.89698489353140	0.439829504627651
2.85595377703854	0.409790144312237
2.88473462520707	0.374099240253490
2.85818325959115	0.354298747437263
2.87353942793766	0.322919138005930
2.89591390471478	0.336287764272928
2.89291783105864	0.355686935233038
2.90966906749227	0.331872143227073
2.92500342646132	0.351642206081386
2.89743979800793	0.302013295011788
2.86686595676388	0.287880529739235
2.93890472605733	0.254879729026523
2.94430202668839	0.250560825030720
2.92717917587192	0.175812512972457
2.94037500265873	0.162667375549839
2.94680919473099	0.221771114899637
2.94234782141218	0.199613310152605
2.93331505628078	0.128434978639582
3.00688719257353	0.158186872736447
2.95496911044223	0.149306990394305
3.00767400737032	0.117397224950956
2.96516441343432	0.153943476927907
2.96147584379767	0.0807646624885978
2.94412743116063	0.0442710972749294
2.92709458781270	0.0393906390318885
3.03804901327567	0.0269057372294396
3.02403939876624	-0.0158140862806522
3.00046221972759	-0.00609159619309595
3.03457320465433	-0.0214889128427537
3.00998779382684	-0.0161962572413767
3.00739051177783	0.0209334686939862
3.01287865560718	-0.00754071538752545
3.06131274735401	-0.0748691435303333
2.99714100422561	-0.0857255420863067
3.06914101800679	-0.117977562874352
3.05325286755808	-0.0676862314190234
3.05240206096474	-0.135198118520198
3.07239805926509	-0.134178220509395
3.02680123644505	-0.123389812832244
3.02530958690176	-0.160629561572469
3.05512370422021	-0.135559718197196
3.02464828595422	-0.193522843106411
3.05487576284777	-0.236506632230636
3.07615786699011	-0.262464970359025
3.11519650401773	-0.209032228494122
3.08015151224989	-0.269475971877207
3.11769085638617	-0.301009427923440
3.10634124515414	-0.272311486571173
3.11339250957988	-0.324999618912787
3.06573184530640	-0.344368283449540
3.13547521431108	-0.342695111519537
3.14315732247286	-0.357392547830840
3.12328026041783	-0.375021543217539
3.10984100911147	-0.375303989528542
3.12943433770315	-0.361333068232247
3.11861559988310	-0.368657546674130
3.09862577947817	-0.413440361972696
3.13694374488959	-0.425784786968092
3.14684530211936	-0.430814825604591
3.20355839703393	-0.494423871434005
3.15264908614143	-0.479339265964860
3.18137242874444	-0.423536771284744
3.14884519491055	-0.511523685356635
3.22371486209367	-0.518956750432616
3.20020161164329	-0.556727217198472
3.20438504502719	-0.561525999011109
3.16656835066453	-0.524198615441157
3.18270606987727	-0.553037927361844
3.22231435198604	-0.611249779532065
3.21793925260210	-0.628633208521798
3.20030497670724	-0.635709167639742
3.18828332755310	-0.616638269062424
3.22563426389654	-0.626162387448143
3.21904856156853	-0.628708484091082
3.28056724786555	-0.698844352092871
3.20957518519261	-0.677522333418105
3.23300295014100	-0.670101735891253
3.20211171998048	-0.700163152285336
3.24845966252057	-0.712872927474552
3.26769637555886	-0.714539365337632
3.24450727562382	-0.695784415934780
3.24689081120871	-0.737033577683761
3.28542615345644	-0.753796922720069
3.24108277297527	-0.773153244835104
3.33810434713834	-0.768814427249456
3.30091741426538	-0.801361714636618
3.32948148015240	-0.820584163646242
3.36384405344950	-0.830642379631612
3.30051503351978	-0.775516792386073
3.28595157078982	-0.802455381524866
3.34842425800207	-0.781286691890865
3.34132253501775	-0.818857056019266
3.33479754458013	-0.916329441622943
3.32668830923005	-0.879989829372995
3.31773838272598	-0.858741381093595
3.31912286279419	-0.842231588637639
3.39258963564776	-0.922074168592420
3.33786691888689	-0.888367406464774
3.35234502932496	-0.928833073099163
3.36754296615373	-0.913497783782554
3.31580854701024	-0.888817880691486
3.33112475018440	-0.895876747405889
3.33674786749872	-0.894784488155138
3.41332022580093	-0.885246974090863
3.39740807603355	-0.880840527535403
3.35009090787666	-0.956715025128698
3.35610156854785	-0.958737728687031
3.40286955690628	-0.918024180999237
3.41270660730450	-0.947115909450259
3.44125153582107	-0.889026161010548
3.40434932394261	-0.974397308255837
3.39655815712916	-0.954635270686959
3.43712819481876	-1.00776716661321
3.45172387472232	-0.962934768691138
3.48105541038908	-0.991162331266093
3.42958932756286	-1.00725408469582
3.44571274731438	-1.00519197296715
3.41616751581842	-1.00541647608678
3.45992594929132	-1.04437265742905
3.48246808105280	-0.960373610318046
3.45197098324693	-1.03808805500866
3.42847621762577	-1.00018667669470
3.48303223014163	-1.00816715909441
3.49793361754775	-1.00754496137812
3.45944295121336	-1.01566082490146
3.48669787833469	-0.967090514377105
3.47627597311816	-1.05417857305368
3.54099371698002	-0.956051562748797
3.51971342679899	-1.07371146627358
3.46813459801246	-0.965748791137026
3.53847320687255	-1.04457787693915
3.48911146678291	-0.961717204834553
3.48662726397549	-1.06292329445410
3.49461753379150	-0.988204573715086
3.51249410343438	-1.00137251748291
3.52476237446900	-1.04600166823671
3.49529153045708	-0.970849535473153
3.52861970013236	-0.995363224807579
3.52792693157074	-1.00939721948748
3.53035947751447	-0.973227447318666
3.55509817591689	-0.945909256297352
3.61563349035921	-1.03331112895136
3.55431323080571	-0.951394299974784
3.58857163310413	-0.921523166216335
3.58398360016654	-0.920675013486255
3.59309216446530	-0.915671062444802
3.57060420974264	-0.969078487262556
3.60331698212473	-0.964642641288000
3.59090960872827	-0.904950809073704
3.57478651990430	-0.883538685646775
3.62114518111020	-0.952156994722668
3.65226914483410	-0.902864696351693
3.62006687576874	-0.945942207068696
3.64243293473568	-0.913758419097834
3.63137591287938	-0.941587533789517
3.56129501604440	-0.881958020018351
3.66429350530220	-0.921945949994840
3.66329077899548	-0.911623844145562
3.65531085581980	-0.842298606880770
3.67528391613663	-0.879565118847257
3.61790845521541	-0.805330806669060
3.74220446262760	-0.931815119778922
3.66495356937176	-0.818660253857706
3.68776461498698	-0.838658496135005
3.67100550659593	-0.851147670496503
3.74070884977840	-0.820023660555215
3.66659604604259	-0.767275513385541
3.69347313754597	-0.823072588736038
3.61034303606351	-0.766870294151342
3.73265712887030	-0.799593759501970
3.77865078847041	-0.765600948581686
3.74408973814890	-0.816624923782217
3.73730300835486	-0.781429401245934
3.75152994995737	-0.791710651004882
3.72197564628052	-0.692090542257464
3.70317812792700	-0.744049523440915
3.70847885199371	-0.717272747677627
3.74383612054238	-0.713713527716965
3.76099730804835	-0.724542451134636
3.73861863585565	-0.712077721991352
3.71485526229013	-0.692075748253868
3.75640655266156	-0.683351193780082
3.77947808078595	-0.679384432729719
3.79329497636107	-0.633075491927417
3.77756894250774	-0.622554332438598
3.73772138913930	-0.630773742565878
3.79407086183909	-0.652202905125989
3.81457517286353	-0.628895349353413
3.75692473783180	-0.570003115073166
3.81146639068453	-0.642099589402956
3.83716457461527	-0.544675023071188
3.83748795639076	-0.571348143740100
3.86976826658012	-0.502091797416354
3.82986466006051	-0.477888511687641
3.77833732949761	-0.506256879571938
3.85445063579497	-0.548519095542778
3.76529102798093	-0.468215960629021
3.83873233741046	-0.458689574645802
3.85355669481118	-0.430393181702392
3.90770189959626	-0.384949818078277
3.83675904614218	-0.447798315771508
3.88432145989003	-0.445400913691973
3.88743041974479	-0.379431395756576
3.84443751469859	-0.390654238633695
3.86503380893365	-0.336854579739025
3.86112694002523	-0.410279790785119
3.85330209684763	-0.258963073174451
3.91492158912904	-0.381861337840574
3.84374902511490	-0.306825753568758
3.89320546113450	-0.280012623125097
3.90921282481418	-0.298180635232408
3.87148078868634	-0.270740419320095
3.87384860547650	-0.226594946912496
3.94131010190209	-0.242573781747386
3.93425742948641	-0.139285462919604
4.02951961241239	-0.181165162224140
3.92925769971590	-0.189500584466863
3.92724177048823	-0.186917670539914
3.92252785207318	-0.207128971559772
3.95998007836719	-0.148273740786911
3.98207763680730	-0.116797206279433
3.99354010464511	-0.0678936432706076
3.97756267415318	-0.0827864761155761
3.95348667881875	-0.102231923432822
3.94453402629408	-0.0825286811289381
3.97553184487267	-0.0643094434647934
3.91995428661241	-0.0214651148790386
4.00602528012149	-0.00397231116352374
3.99622130610903	-0.0187922031289734
4.02287653856334	0.0193667791253155
3.99419131302684	0.0288921810459686
4.01214586678048	0.00894407914773640
3.98316702539277	0.0661323733684163
4.07919926735534	0.0681911392770449
4.03346863378735	0.118478085540408
4.01601368468008	0.172693913988555
3.98820774385102	0.156105744394627
4.01540111846857	0.0521258897026959
4.02421098185369	0.116002592206253
4.02396230383960	0.204980397636882
4.06363423699122	0.169393873348262
4.05830251049102	0.197031023685444
4.06510553768989	0.185737514262152
4.09154128688452	0.272988508780964
4.07212680896928	0.211368873619360
4.08648134187137	0.246206752244725
4.10333843033234	0.283359616009573
4.13015377730695	0.297755170945628
4.11796505062293	0.314940130953730
4.08082909724781	0.348790588612854
4.05776247442897	0.349837560774679
4.12151315719930	0.316620627840910
4.12731779264524	0.338291858674425
4.06999312034098	0.351602887158459
4.12194273260597	0.369076029466698
4.13842348335776	0.463973604983528
4.14168612358743	0.398403484822125
4.17824435294865	0.438487859335848
4.14321025249916	0.455858744339632
4.13817482033348	0.467213240099434
4.18336854765151	0.498221811863515
4.10715630605957	0.477009546603194
4.19969733515719	0.477488515371231
4.17755070208511	0.506741911415852
4.22643101041400	0.514708376157907
4.20735900412430	0.541719847165896
4.24938097194127	0.610435560407760
4.21507056983226	0.625103911608891
4.17865418954393	0.565249647342496
4.18125773550054	0.618266759924050
4.21450363776832	0.640651639407310
4.25614510460487	0.642714476663432
4.24267058158367	0.638501068751515
4.19923607753046	0.628906150378684
4.21017899803724	0.697950948720812
4.29583715519959	0.677773038257469
4.22330896112781	0.694000797051663
4.18064584617948	0.722470182418931
4.25650569656327	0.680262700781981
4.26177205773227	0.727635291336384
4.26284957490026	0.750276216185574
4.26820241958793	0.771123108186990
4.24896404673737	0.754789381792265
4.26339348422329	0.757271683654630
4.26067034391849	0.827573983498042
4.33121238010990	0.795235500122090
4.27083496439575	0.783911036006194
4.27052811316399	0.818012190417518
4.27452227623875	0.812317862150050
4.25239242614976	0.802579644497870
4.35764546853824	0.814948339764497
4.35418980372316	0.826147372180459
4.29656157151034	0.881554661844827
4.34328130281109	0.888543397200240
4.33405988938560	0.907623862660384
4.32008317673670	0.887603096980600
4.31248920238806	0.869708918536545
4.40807470049591	0.872829633905174
4.33796932396199	0.891878996709892
4.33424626316236	0.858345364632060
4.34524377642564	0.890791027383488
4.34533364028132	0.920637223249749
4.39723603593474	0.934449726617894
4.35536712547078	0.926848230791437
4.37384010594504	0.927181233340964
4.35673038796238	0.926910033288216
4.37687480007422	0.925656679987526
4.37232230437962	0.987994442539583
4.39326015229372	0.919948778513886
4.49708270925369	0.931229899044840
4.38863232053893	0.954216599969257
4.38547065934623	0.978076052186922
4.40103126250350	0.986576098259113
4.48036073352559	0.925019111606550
4.46284333782646	0.958168926912845
4.42185740730693	0.990207393552976
4.48400039516424	0.967467594182845
4.44648093269423	0.988401847322199
4.42004376123333	1.00902130308099
4.41232605099039	1.00509977562582
4.49220384777246	1.02429037272723
4.45552882944991	1.04360466398015
4.44305710784513	0.961928894299092
4.44731449403237	1.02876134733924
4.47859334141399	0.925287694259006
4.47436135217815	1.01589813708805
4.50185418319104	1.04582581590448
4.56752831154435	1.02498114061186
4.47262997995690	0.999244369089098
4.51538503238266	1.04548581502879
4.52594451608485	0.987270232608265
4.52153709750915	0.963922995540184
4.52167904495761	0.962665861012049
4.52705425502729	1.04039988191556
4.50555330483924	0.981521035485467
4.55795161987536	0.965431655742546
4.56077037023352	0.942370106178409
4.50186268546294	0.996448462784241
4.56094305360551	1.00703602476044
4.57629465511401	1.04867150926212
4.60094336270762	0.975125213367458
4.59383410136849	0.917526660098993
4.56008194721988	0.989328185913713
4.61170292158977	0.957990655263580
4.57593034057555	0.962191856519085
4.56343561743522	0.922057572423672
4.55851517803741	1.02457092213279
4.59964870129706	0.970892446636145
4.60989702898201	0.953798781396932
4.57507384857523	0.948799652659559
4.60312753813144	0.953435677685449
4.58029590589321	0.961918220823288
4.62520009236223	0.897824292250066
4.61414912706860	0.891117443701721
4.59968103017944	0.921855302413515
4.61014174642719	0.909707079485681
4.64928166920390	0.924582669645291
4.65481342528923	0.885825111385054
4.65015351275851	0.929639809768118
4.65146597037470	0.840160760481426
4.70499215805337	0.918639254593418
4.64019062862985	0.898516020250502
4.66837550475348	0.884546142475086
4.69761708493518	0.802231725668672
4.69059308735244	0.814640003963489
4.69125047069669	0.817182499502658
4.62286157368064	0.881750706171836
4.66273729764415	0.843652557703375
4.73193103116341	0.830923737961297
4.69689123336142	0.746303691327663
4.70845130080753	0.777924813464776
4.73727944530755	0.751107518261749
4.72607334713008	0.802726459295295
4.69505703888902	0.809970141642708
4.71340652322797	0.801411414402953
4.76651539799953	0.767090733428581
4.81578561025000	0.717982522529162
4.78298671355652	0.660064521365227
4.68508259610269	0.696940719368504
4.73088150715198	0.672769032024654
4.73235364780634	0.717039529804679
4.72291694629618	0.626307180252814
4.71388058144500	0.705883824940523
4.74223924090308	0.658685291260208
4.80763154011149	0.606370010758932
4.81577369960587	0.617432348806532
4.77130024166432	0.552755901406108
4.81698356188276	0.627959894401597
4.82233429171652	0.584836605458779
4.82328325460138	0.655736077426106
4.79031066995817	0.564540128464265
4.79548755310729	0.541996732604487
4.80808490941642	0.541464302082001
4.77290472539093	0.524362266515761
4.78155479151362	0.535240289502920
4.79472705518725	0.468429356006190
4.85473916143334	0.491372019808528
4.87242880689837	0.447199344425641
4.87426011499566	0.432579341807702
4.82220226052251	0.431371477235971
4.85668398931060	0.428562663260216
4.88367486776373	0.390117799499953
4.88005741838444	0.412921976284991
4.83401360895360	0.360982033049842
4.87452787777816	0.302906303949791
4.83234780050311	0.329442920042258
4.89591362808544	0.342005788431574
4.87914892952787	0.320773690325584
4.86532239195669	0.315579019717438
4.93026356924873	0.312920242680422
4.95169951868858	0.316479341573988
4.89260063400842	0.251606083095901
4.97010318960679	0.255467489096663
4.94703853086853	0.253486406905258
4.94110206741901	0.214173324887363
4.93853672560105	0.204560807143122
4.95547396656433	0.177144479015134
4.99007359726928	0.229320786531787
4.94444736566313	0.140755060950013
4.98819503421935	0.114547801440248
4.91442366142426	0.168621948178557
4.98920704020036	0.0743544893119936
4.95897818320930	0.122322017414972
4.95305976626307	0.117488778470980
4.98655518095308	0.123769475163873
4.96163986142532	0.0497277566170436
4.98417503477068	0.0432430188367959
5.05274384996955	0.0310189961562686
4.99054988969805	-0.0283218844537536
4.97058360200343	-0.0773038364204670
4.99743030321691	-0.0786663554950291
5.06035731083429	-0.0526067150761342
5.01116758983403	-0.114136358024312
5.05001537430262	-0.118503530238891
4.98394208223691	-0.0224954904358111
5.03534271738022	-0.101557684232050
5.00633090899617	-0.0731307530940085
5.07475906372493	-0.210498869692276
5.05314426814573	-0.134070953638305
5.02021726110865	-0.136340243584021
5.06434588728624	-0.183193372839999
5.06401093814557	-0.219523852959870
5.04029338615931	-0.223663153077025
5.07837626853067	-0.285550536627143
5.10382669898709	-0.240881780084440
5.04329773785054	-0.288071070637627
5.13351392142265	-0.256788297691590
5.07047500266795	-0.310392662316488
5.08520178408019	-0.348916744591470
5.11742757945665	-0.352163298300313
5.10495604790148	-0.332834787097266
5.12125921276464	-0.376111521362356
5.17260990764674	-0.328573108773334
5.13513961312815	-0.350803425442016
5.15265300107134	-0.444785109087502
5.09786034611596	-0.408015316244196
5.11249792213916	-0.454519127939267
5.14994983463168	-0.451224717929250
5.17397569811304	-0.465702255906474
5.14240244848193	-0.482902337310378
5.17089766479035	-0.479803431099737
5.19660563139433	-0.482270264050698
5.16544921682955	-0.478696508806268
5.17388473958486	-0.492496070654455
5.23684196867569	-0.548486247040817
5.13536002252951	-0.535474633280759
5.20557445633822	-0.504421497105794
5.19850067937351	-0.544889448440229
5.17203979504554	-0.586541563741364
5.17882664116519	-0.628112756792644
5.22326785851935	-0.641005550905414
5.25232732478560	-0.631927686168591
5.22186363936400	-0.650944355715430
5.24260193799940	-0.660633184086493
5.22129336229751	-0.653930061763865
5.25293858480675	-0.651950559505425
5.26088513418242	-0.696748149038637
5.23855554514227	-0.742779696677394
5.22230144636503	-0.727659213833170
5.25376682789862	-0.743110072848115
5.33828755513324	-0.725428779392058
5.27856955950056	-0.750874610405918
5.26228896496839	-0.796734231299470
5.26679513146256	-0.759543301508738
5.29113879778879	-0.763760807938395
5.25938450040089	-0.796853233067111
5.33128421502585	-0.747825182969573
5.33277855240831	-0.829080092525810
5.32743656545156	-0.794297111657327
5.26197549461686	-0.800746444541629
5.33435667995415	-0.809286591497937
5.32580742942710	-0.828586662555711
5.32882254268161	-0.891256234475359
5.35195190588644	-0.879704940677370
5.39414589990409	-0.808981624639918
5.35978815189439	-0.853094965822866
5.33890825729610	-0.848841413090434
5.33448690989992	-0.934449298102392
5.30496268225038	-0.868424251760447
5.33777896793169	-0.906201786201774
5.33332589108475	-0.851865476952382
5.33825042195619	-0.964606449031950
5.36827163003524	-0.912059197453385
5.36127121384847	-0.937909794433922
5.42618167064733	-0.924305205356497
5.38756380142050	-0.940888496692740
5.36345710519380	-0.947664499982154
5.39647963765139	-0.982375930703948
5.44513723033476	-0.936341150705370
5.37412501153867	-0.945562004666051
5.40165831874183	-0.960162883684104
5.38916860997969	-0.964092975424323
5.41692512526475	-0.980486695179307
5.40609764878443	-1.01370572472266
5.39915142133055	-1.00023038050938
5.46231471800773	-0.959381854902928
5.44914037323939	-1.02124725182066
5.43194119709673	-0.964898653134439
5.43145733429809	-0.953166253473578
5.45905002476001	-1.02193730882613
5.44736256519271	-1.03134711172991
5.50064273947878	-0.958599526625727
5.43890760145020	-0.969077391889901
5.44491591639981	-0.967479683454602
5.48279460989881	-0.976798981217307
5.47014056020128	-1.05760472867855
5.50968466774508	-0.996062703728467
5.50353659296764	-0.987404005408013
5.47102855216743	-0.999455654838348
5.52466743139119	-1.01005802389908
5.43571719092252	-0.963783296921341
5.51681704398429	-1.01329652582150
5.50968610798655	-0.985359327890371
5.49754118225558	-0.969126736219741
5.57783989831748	-0.974417155908384
5.58795934421074	-0.967235053512359
5.50770219577394	-1.02492137310642
5.57630080388641	-0.986688848668689
5.60011175721605	-0.985691739001625
5.59513811322739	-0.959648964339110
5.53181787643362	-1.03237924807879
5.56989360413463	-0.938154476679199
5.52858766190804	-0.985165857988486
5.56450763798862	-0.924054152828710
5.60760230939261	-0.925653117587842
5.57693814260372	-0.905998696917771
5.57161629049909	-0.952111639922191
5.59122041797385	-0.970608273636406
5.64028509112079	-0.947909727038669
5.64541030500559	-0.908012852665295
5.58973370931329	-0.980731567195829
5.59158771296718	-0.942938539487926
5.61633637523328	-0.929045931011786
5.57560666732814	-0.928266449407363
5.63868818216583	-0.885916582760556
5.66287612485540	-0.883613788409329
5.65434108708065	-0.912009159137540
5.62006054286524	-0.886480646485221
5.65737215659688	-0.861715663392937
5.62426684657967	-0.840812207277348
5.61879044301199	-0.925251264215978
5.68355152157238	-0.820345354167127
5.66033623581080	-0.843243611409599
5.67254932345600	-0.902855206805769
5.69737642085244	-0.823786919704511
5.66504471596066	-0.808118686004394
5.68698777187106	-0.776427055110858
5.70491941086464	-0.816004103193152
5.71848554498026	-0.844241651206190
5.72124267816469	-0.758015127847932
5.72554528206443	-0.742369610325258
5.71567618958940	-0.747575143841983
5.78502938891961	-0.780227824715815
5.67516755998381	-0.678509605772417
5.74769891887772	-0.740760805075706
5.72506565658711	-0.744009786583521
5.73071497904429	-0.694333930569802
5.73284295664903	-0.646534180852644
5.70498685840451	-0.729421536552217
5.75793120256562	-0.640775204715688
5.80950981796694	-0.619466582342727
5.75167701708913	-0.668034820664732
5.80534709364729	-0.658564583707831
5.77985042919615	-0.686843916658394
5.78836881026613	-0.632844882106726
5.79928153444587	-0.622457397179806
5.78236718111417	-0.609332430973315
5.81622656587875	-0.611787912177713
5.76313615909969	-0.543164871046553
5.78974298657313	-0.568448041797970
5.82666249314379	-0.544204150865085
5.78017626313486	-0.608155390869204
5.80548877325350	-0.553069700667425
5.85482040834066	-0.524664255958465
5.85074144569921	-0.527161819516003
5.82070750293972	-0.496620572453532
5.79162609622790	-0.462891801835080
5.82090527161947	-0.483478291199694
5.81878747387837	-0.413839626614517
5.86738231622606	-0.451216612545380
5.80292272095303	-0.387914512729762
5.87197646465993	-0.454851030803157
5.81702502074573	-0.414092311235744
5.86455035628651	-0.419210313899232
5.89997139913183	-0.355652608283261
5.83874427063929	-0.355274513211555
5.88772982562587	-0.332499162017277
5.87919553553257	-0.318868943431321
5.92979434737289	-0.337987124407052
5.97032529864185	-0.299161280398053
5.89707511146893	-0.240669347911117
5.89928361052118	-0.240744577253382
5.87235910978974	-0.249159552507821
5.92511929077099	-0.281777980734270
6.00489459690625	-0.181354825608845
5.89437223711210	-0.233784755387576
5.92434901765075	-0.174352245151987
5.93705518322773	-0.136483414040439
5.94394032017770	-0.157599523633773
5.97868534420220	-0.131714681115463
5.94385216145914	-0.144551443615065
5.97428706403620	-0.0697386323868328
5.96269191017084	-0.0985346824129242
6.04528073757697	-0.0648947732423684
5.95133551869631	-0.0703987998703552
5.95728351653251	-0.0616993744088683
5.95707544783663	-0.0313307274164500
6.00129483510703	-0.0141622580827435
6.00435051622304	-0.0618224146986475
6.02493058625393	0.0433463474966588
6.03640591024513	0.0459564301953537
6.02807243125001	0.0658727559236129
6.01600731252385	0.0386022092977967
6.00571851437000	0.101014966157217
6.03333561616960	0.0466877422948648
5.98429398086875	0.0930560749994426
6.03723196545902	0.104793383389749
6.00651174248571	0.127806614583362
6.04334455539268	0.160680078502617
6.05199091766977	0.133517451665307
6.03623844868826	0.198163737751135
6.04455639483290	0.228559103065940
6.05589374998512	0.199123072045565
6.02143591255318	0.248032164487900
6.10105830440653	0.271293841908416
6.13897836023902	0.235380521701219
6.10282432243901	0.243956337299153
6.05294481509286	0.287056221597435
6.09113098006901	0.295730183176322
6.10300625505764	0.325113595976004
6.13079298758912	0.331131890052255
6.09924384989058	0.425655359701154
6.11364550585056	0.418968388207088
6.15202470270097	0.353760772155131
6.16396364369522	0.373096052512315
6.14861215305066	0.435383010179536
6.14256295821111	0.434066644165643
6.16298773519263	0.491380548783367
6.14304465481538	0.476560995883653
6.17031784312910	0.440079296976392
6.19750186750301	0.444034266150611
6.12280027483458	0.463967583647946
6.19214214508370	0.505004462149279
6.19863770009057	0.542572559582205
6.16046646960825	0.570052565133724
6.19784138349665	0.523989619232630
6.20629631310065	0.562947471526052
6.22429853524359	0.575952938126373
6.23610184756919	0.570388598041017
6.21224600242248	0.603948657309059
6.22319233221867	0.642917216499021
6.18399263470790	0.594970469599806
6.26186211675953	0.663706096835193
6.29182343145814	0.699905893302586
6.22930328589059	0.649645968573728
6.21867558844955	0.630090717208358
6.24877955736208	0.654830991789710
6.21736024028499	0.756906628985237
6.25095213447397	0.738591771426677
6.24574264337373	0.772755378688835
6.28614465550507	0.774607805599280
6.23891766984860	0.706725479738307
6.26705954231422	0.750614719212285
6.28369634442596	0.791942783702561
6.26181106647719	0.752707297348370
6.26568903635617	0.811349480149254
6.32408828802476	0.835766513653995
6.30088750633714	0.804205404183575
6.30779668873757	0.779118929411073
6.28218725227686	0.836164557723669
6.27966185192572	0.795162884428609
6.30716938267244	0.822271924599478
6.32453940906545	0.841829183922797
6.36757156134718	0.854474540439756
6.35644684883019	0.818700793837217
6.32378765685470	0.860892232150913
6.33263595927775	0.847563794583402
6.36116427751365	0.890004664538812
6.35169646737096	0.864841952679810
6.36079779165363	0.910250925621875
6.33590760903079	0.891479269447215
6.38879606146159	0.901730886717604
6.36696265645608	0.925300673687986
6.36977971897456	0.907388524354024
6.39639222808816	0.874874793477763
6.41404982778646	0.956555155950790
6.35886096455723	0.969433372359230
6.34086405919982	0.966015771570647
6.42786303391078	0.926053917189733
6.38593605212359	0.934686333296822
6.38411636820623	0.926195994474170
6.39759756626532	0.976552205089223
6.37946070464028	0.971605515644501
6.39608010222125	1.01335363861373
6.46009259713583	0.952447110745086
6.40454715273853	0.960026620382071
6.44389225235518	0.997436940827875
6.41908384293461	0.977043886919338
6.45797323085035	1.00839677475930
6.40798768894619	0.998487642919046
6.43928937195735	1.01601024804707
6.43352541225624	0.979154161411580
6.50465724932815	1.01919288364043
6.47896587408108	0.996587426461928
6.45175460233849	1.01903010640135
6.48275074276618	1.05116752956051
6.48573100899536	0.979871636646656
6.48363306720786	1.00275039940478
6.46244159835226	1.02987931161009
6.42998136704588	1.01825000171715
6.52168193923102	1.06417980045024
6.52856785575659	0.999154133300349
6.51359634610131	0.996784108290623
6.52531909158613	0.960948786400044
6.55540187408627	1.02358095674504
6.56704512892368	0.994306426955435
6.54332899379842	0.986249982690930
6.59237447148222	0.969920458332449
6.53045909066730	0.930556451286775
6.57507634288472	0.992705044134176
6.57260925266361	0.986762636945718
6.55735515345478	0.976065553176199
6.56362397957343	0.963747572367091
6.57268742171939	0.949530164798527
6.57321326278782	1.01454906552777
6.62256297915806	0.951885660621600
6.60481412270139	0.985584334966581
6.63169687558190	0.938418610662538
6.57344404787013	0.957118147780494
6.57919486098830	0.973562933360559
6.61018663589429	0.957540257921343
6.58628967093774	0.974277875355083
6.58496302560461	0.960647885241632
6.61106464588553	0.931972097296148
6.67925268699036	0.900770174857707
6.64537590453007	0.911475015486483
6.58115006609585	0.925605838751283
6.68398708993978	0.904811374118896
6.66195465195916	0.950004618496230
6.69324270192956	0.858399261960341
6.68170857317423	0.869735553795065
6.68248202062188	0.852541417496435
6.71281918954472	0.792813597690535
6.67220967050423	0.813990187729440
6.67648248856797	0.858198701661816
6.71686758242489	0.875314923082071
6.69226867194361	0.764875109599906
6.71627917239386	0.808432158028887
6.71579499421452	0.822415025942411
6.72514739685607	0.807808557622753
6.69662877393124	0.776350697964006
6.77495095313546	0.721741255926934
6.70943814469473	0.755468983778896
6.73136210101476	0.766531004727594
6.78598226032638	0.729551738263892
6.74262180488061	0.750383070967564
6.69535797205822	0.721554673712501
6.74971918520471	0.684602581467523
6.71834068626179	0.676901090634642
6.74101928272624	0.712051797258643
6.72447945833966	0.696252345801380
6.77967708989645	0.646548607424396
6.77989067352837	0.678200670379174
6.82038862096790	0.596848439885597
6.77334349193532	0.601637517802258
6.81118552980245	0.563240103906011
6.76429893645559	0.583050642274250
6.82070206362557	0.574437549570069
6.80578667690289	0.607484471268604
6.80057902473605	0.514198354525219
6.79759575946241	0.599667166493606
6.84167343429216	0.518182431460603
6.82291309554003	0.505769986629984
6.83084896000162	0.574428382567112
6.84566435871078	0.494792136733663
6.85257129468689	0.510948380548876
6.90486344438818	0.446568642877791
6.87187567543166	0.456470598445642
6.81384373999430	0.419088555339900
6.91037293990141	0.389425091041681
6.84945358493845	0.411560575338965
6.90154109545994	0.427021814905816
6.92252192353126	0.371387165010180
6.87333074656144	0.348881335864514
6.91741997916477	0.435134464414508
6.92009469614757	0.338414018103004
6.89092619293107	0.334469764660861
6.90834048848239	0.291401551407005
6.96754789863669	0.330129797168163
6.91407222182953	0.269243969670742
6.92212620539693	0.298455989279805
6.90272275009809	0.263395465586649
6.87457115807793	0.227247350402093
6.92806954884925	0.217340755271586
6.91500141603004	0.265513617638070
6.91300998900479	0.207128612048227
6.92104453731557	0.190008342412309
6.90254836677935	0.0975986524056339
7.03272808314150	0.134288140382675
6.95591899467690	0.181106390061648
6.96067065083813	0.112642428714424
6.96337190461165	0.0763082540496273
7.01255924332515	0.0696119515714340
6.97668646969503	0.0640851100914302
6.99549192063535	0.0329873422677324
7.01006411873376	-0.0163631524564363
6.97993914463557	0.107787062623252
6.96208056248096	0.0343649850598686
6.97769660908419	-0.00911314789376790
6.99258346759913	0.0105381786167912
6.99804609232159	-0.0890680729485897
6.98264218062594	0.00453767311923178
7.05950534938885	-0.0514791887473379
7.07914895142499	-0.0826411914646837
7.07036309074417	-0.141016129841878
7.00516215103399	-0.108872151321628
7.01281613798409	-0.124553149275570
7.03153665908479	-0.162912787717203
7.04482268713867	-0.164795168847791
7.03065456744624	-0.168308795778833
7.03088557753741	-0.177353549437939
7.06798005702494	-0.143625790242783
7.06996423731909	-0.174642762808664
7.11079233640784	-0.223322878339742
7.02925290985378	-0.286163623486628
7.12612956813200	-0.249311891804799
7.04177169422472	-0.280237369209110
7.09219578837246	-0.305082349085116
7.03634170658476	-0.254367228743949
7.10972655381824	-0.310948289410369
7.07240346351260	-0.328199631870342
7.10124107531270	-0.379622315459373
7.12798035159531	-0.385240287293107
7.10404630936454	-0.367815172643574
7.16016294651530	-0.398556256709801
7.14357970095456	-0.450172856674991
7.11461436976071	-0.453887157633042
7.14957837862530	-0.395014890991726
7.13595763070825	-0.467528500493143
7.13364368830248	-0.431854318304572
7.13415096882545	-0.470427308333456
7.16347931707360	-0.515489877640077
7.15728972965181	-0.494150377717804
7.27407404018857	-0.541227295653333
7.15574610197469	-0.514732628904612
7.20292846052984	-0.512878132434746
7.23802139670261	-0.557434695999674
7.19544082029627	-0.566093324908856
7.19934363471540	-0.562972969689694
7.21788344491583	-0.584562174986665
7.27225133454550	-0.544161292169349
7.22089497571140	-0.619885803088430
7.17006658286134	-0.625212175120698
7.24856635852010	-0.646870457468523
7.22309115553706	-0.704755485014566
7.23888669149867	-0.683150960330893
7.26178133935310	-0.752688214781960
7.24141109749629	-0.726935708425873
7.20007119117344	-0.687839651014734
7.22957607266130	-0.726502278574289
7.21903644344534	-0.759416493156725
7.26421000197505	-0.725327006071464
7.24627677946897	-0.785029715036245
7.32756152022485	-0.819141977330322
7.32314529547277	-0.785023469718496
7.34732315677654	-0.773895917875184
7.26699200471018	-0.817281577055465
7.24551980700539	-0.806315859569262
7.30705544305070	-0.812978551004241
7.31808376212169	-0.762563625238901
7.30893506317983	-0.784886271273602
7.29197208230798	-0.805327612881157
7.32134943951954	-0.847924978815832
7.34375797359216	-0.837499189379675
7.34303333790378	-0.901996872578500
7.33542590665117	-0.913449813411616
7.36848570304905	-0.901652944138806
7.33020646523304	-0.846475672362119
7.38054260586114	-0.854662022675434
7.36828643055994	-0.924756151401436
7.36118563887803	-0.917100578823498
7.32626340423830	-0.905867489380086
7.40721971373375	-0.861689060817077
7.32322096526561	-0.884110655629459
7.42982706869821	-0.975150918540670
7.32655213397500	-0.913057287448024
7.41365513737808	-0.948022963555408
7.43090221826627	-0.967829674178297
7.43880836841594	-0.920395210759292
7.38445612498587	-0.980905265845145
7.44205856658427	-0.887367126519102
7.41275719109969	-0.922683233362159
7.43498174436740	-1.01759434710309
7.40833404634216	-0.931252411325389
7.48366953483342	-1.00779262976976
7.43740221407158	-0.999904043393735
7.37741245262761	-1.01372654073415
7.42963834462113	-0.991116869424513
7.46244682475962	-0.928275041138738
7.45251111708074	-0.977701879804244
7.42109625767000	-1.06506587613446
7.42586246753992	-0.985603981766946
7.47858786747073	-1.00866312613209
7.51022528282842	-0.969725024229122
7.47152242832332	-0.970304122651106
7.49188619010297	-1.08164857701673
7.43483451072127	-0.978559699921579
7.50730524932266	-0.940218832358811
7.49218105791419	-1.03858806630042
7.48460913215330	-1.02750585939888
7.47612023215952	-1.03394505680733
7.46768520331118	-0.992531970230657
7.53236182043205	-0.968876356179334
7.51216617897524	-0.950104341007418
7.50509172578002	-0.955264347252675
7.55366237125300	-0.975020575580150
7.49511098225844	-0.998145993528261
7.52751687189215	-0.969720194464507
7.60507573268010	-0.973004903076438
7.54059078222963	-1.00726324024369
7.53551761132994	-0.989842815833342
7.54605625160711	-0.992934811023180
7.57396893466825	-1.00993691401699
7.59476656980613	-0.977499783328130
7.61665532982886	-0.927857333925651
7.58705388920603	-0.977915604866914
7.57394151202341	-0.979159453654988
7.60810153333930	-0.976845252173203
7.55935861224355	-0.927737891513188
7.57617037620299	-0.965278507945734
7.60640231693641	-0.941925442258493
7.60519038461876	-0.945227971149868
7.59605453405134	-0.913882039673607
7.60380653329582	-0.898921256456585
7.55908342119207	-0.883088776877541
7.61320998823142	-0.890760717099982
7.54975196377862	-0.970719879930598
7.62498369433866	-0.922238702758054
7.64223742610877	-0.849537181993874
7.65378020188147	-0.852385307815141
7.65340474586116	-0.855079990183149
7.68094489254954	-0.853278330969676
7.73810961946577	-0.776166310269890
7.66843238222415	-0.802369522742782
7.64578290803883	-0.876295380814553
7.63525100516394	-0.851578418993376
7.70496902060388	-0.796729255079396
7.70634250969304	-0.795106509721664
7.72608572279904	-0.791510997433734
7.70639617581396	-0.811134922509557
7.77239216635386	-0.791966617564264
7.73983626291159	-0.837157801420172
7.64864435956313	-0.746847717485445
7.69752909210342	-0.728821171720325
7.77828831206680	-0.802954287088896
7.78978242136097	-0.718582504068610
7.75950001026254	-0.735776314341513
7.74386954362904	-0.733895518672358
7.74165039044604	-0.687573640569335
7.75175624507056	-0.686562515104145
7.76346048158359	-0.710876104257112
7.76862143156776	-0.722695421632919
7.72887317956366	-0.654794745610519
7.74835168231341	-0.652494753973613
7.76906930667610	-0.632904294246909
7.73344356418120	-0.656558621808879
7.77540562428815	-0.581749157713521
7.82884220267637	-0.588040870001486
7.80562184891686	-0.562560079746034
7.79869475466920	-0.548796684337270
7.77287272572371	-0.565752118338229
7.84176166781553	-0.516138157106307
7.76915597441247	-0.533382909146489
7.77641970543368	-0.511141625026727
7.79690793834003	-0.509437149536253
7.85416020526105	-0.459822590676665
7.82416337134146	-0.542325240586293
7.85012795944905	-0.421334304353419
7.79865774384162	-0.397228237102752
7.83342461276359	-0.439415201333163
7.83893673924961	-0.459185603344586
7.86155103851496	-0.396104341146890
7.91191220712658	-0.429373328368675
7.86108064341001	-0.409173945877013
7.88150675012922	-0.404439491835056
7.87702073547735	-0.344068493395188
7.88327466597288	-0.334586082841705
7.88501521094102	-0.332243540102195
7.91871512798175	-0.315304481125938
7.87846978262944	-0.264046377253136
7.94482175715425	-0.257517730951807
8.02326373113843	-0.285364011243694
7.96341442690910	-0.285479674389023
7.90131963964530	-0.206231740804924
7.93419016145545	-0.211358449294506
7.96943329723922	-0.209656977412734
7.93542724795897	-0.205108951768242
7.98424434481903	-0.156232201301638
7.90656355954189	-0.142658085969464
7.95618586497049	-0.133429666106218
7.96943801410582	-0.137096568361184
8.01170906300830	-0.143459093154704
7.95772545364284	-0.103168274241861
8.03236072997082	-0.0408030106613021
7.97157064857133	-0.0204021151942441
8.02814027457860	-0.0460943431743758
7.96491779400386	-0.0205171469809836
7.95198516609016	0.0202852849724070
7.97892145777690	0.0393728919687368
8.03386357231081	0.0876121171778088
8.01276750677274	0.0262368012478410
8.00516195171410	0.0417129406429947
8.07156642238409	0.0690422459513404
8.02063115989699	0.0410189837397681
7.97710760993579	0.141634493731709
8.03622480035882	0.134445774009072
8.02935907976128	0.119227919386322
8.06980836357024	0.149776090087877
8.04472537429974	0.170260900050560
8.03150085770832	0.173717106705649
8.04047912086226	0.176383980233794
8.09181517097467	0.169165579255408
8.09628753732761	0.173341761538665
8.03605855884883	0.269367543015365
8.10321544023075	0.217268587483226
8.05119119446037	0.230569657305304
8.07844553973894	0.290429260838052
8.13771886317127	0.325892365642092
8.15609066432068	0.316609761726401
8.06899600296694	0.358169540766978
8.14530352538037	0.349546339057602
8.11148673541103	0.388930092511517
8.11726552093324	0.375390566171398
8.07252530004621	0.395374138601677
8.13323313981261	0.426818992157647
8.12200912387337	0.387258856071526
8.16875257817101	0.414398974780362
8.11722107505868	0.451675224716372
8.17375618608593	0.431443452902119
8.16924845210532	0.464872153867081
8.19916812582909	0.433363590961370
8.09769430064474	0.512857141234259
8.18306077144603	0.520942861920784
8.21783201179084	0.510576454557868
8.17628535150217	0.537261503275576
8.14321669408867	0.570227125685789
8.17261059400902	0.555071953403333
8.18492000189904	0.615734495485714
8.16556409496065	0.595718918710357
8.17914141184763	0.549063780434017
8.21159052079706	0.633854696317933
8.19576617613648	0.631734077520302
8.20251585447090	0.617860226965533
8.23047681158026	0.620673662290112
8.18882242702379	0.672466733166607
8.21965307647841	0.689569429322808
8.17585341215732	0.694001495633692
8.19618027026627	0.732015255750831
8.21312635123217	0.712617836559138
8.26898085963010	0.736822591496610
8.28217280453908	0.743493811363271
8.27196709216148	0.723744509208693
8.24180860040125	0.696508668715751
8.28973658476605	0.718833622655160
8.28730706570813	0.832855200314318
8.30135993174816	0.807597029836427
8.25852913844504	0.765283569296033
8.25824892565547	0.803535529250801
8.32617986019102	0.793167412565490
8.30797801741423	0.818743146366362
8.30048358842327	0.814404195605859
8.29132060866820	0.847358760046499
8.31539887150246	0.894242936269912
8.33378593874505	0.808983298012512
8.29462847391162	0.822838769539776
8.35020602332719	0.873762818026375
8.31467048813878	0.878657965844551
8.38607305466622	0.925280997383275
8.35778439290098	0.882266816192251
8.34808724215210	0.876654861302155
8.34439982551497	0.875968332737558
8.38265313593937	0.868618676639848
8.35437338721104	0.922474859064895
8.37958303549679	0.938648927413141
8.36654660996568	0.946031746313098
8.38830662859300	0.967146214657109
8.45643106887015	0.925864693261938
8.37258867875613	0.952001255725769
8.42252838204618	0.901509950936692
8.45134250686024	1.01289668954965
8.40246212854120	0.929216861498004
8.40137860851345	0.988535607052006
8.37555040915676	1.01728229029136
8.35946930406735	0.983830480537868
8.45968565310251	0.978294631298876
8.40588428854256	1.01922261725229
8.39124363951724	0.953628130589020
8.44061641866483	0.968479382434813
8.44154982330466	1.02768741644648
8.44124031497192	0.996830003584624
8.46012768917717	1.00414420541461
8.49660073593357	0.991570307121777
8.42856382656741	0.983810944681034
8.50054519222243	1.00820987057246
8.44529100577996	0.979742635582398
8.47573515089540	0.999900281894777
8.46097098625632	0.981203545342968
8.52984495180950	0.975150529194440
8.51821310970538	1.00053017038467
8.50485382217617	0.984192531109862
8.46830115050844	0.994863101678111
8.52359901360729	0.992069893313092
8.52956429494084	1.03026776797730
8.53058995395308	1.03869165935764
8.51154071157507	1.03757593011694
8.58797883359739	0.971184674594531
8.56971889762361	1.03327068880103
8.55413197702840	0.935189816906980
8.53813927796450	0.980774420421839
8.56338472673797	0.985454151731939
8.59831599113336	1.00203550385759
8.55069346350292	1.00665424493976
8.52311818368097	0.956176653432454
8.61451695168251	0.958878062016002
8.58352214936272	0.982293661693885
8.59863347928096	0.930291278571091
8.60382877257569	0.924363274922844
8.67797289543551	0.938892707807515
8.62402110723466	0.952715596034167
8.62383830436552	0.929978102647678
8.60714500794148	0.952438977744696
8.62016204110830	0.928438453108175
8.69092425434368	0.927434014416918
8.65498010636134	0.923639979611124
8.64142689419826	0.924223729007931
8.64567380097970	0.889134053101437
8.59564723920571	0.871402450266044
8.66238231716993	0.875964537553699
8.67471147013308	0.890050247428807
8.63017474568230	0.849619435446193
8.63760816016330	0.861947177737712
8.61105655835770	0.861818311685871
8.65680234284426	0.844464752940560
8.66997665101203	0.807940232728278
8.67897499400609	0.892166225070200
8.70374320605382	0.870150802104217
8.72008131590379	0.875104519992041
8.67227870924457	0.781229714194106
8.69116037196243	0.811906116458108
8.71753761719481	0.805566521856327
8.67531385156622	0.808923441796967
8.71090798057161	0.724246116276213
8.69139592987166	0.799471379318463
8.70403162792740	0.750473351976738
8.73424265798702	0.775976445620791
8.77041934239362	0.711633599736333
8.76339027635182	0.711385213559699
8.69944053604107	0.733675152210966
8.73101974724357	0.671561762687001
8.71754669542117	0.716873683580806
8.76624372012677	0.684367935073245
8.77471612836790	0.741625987700736
8.79676204150236	0.671992689767517
8.79446632285802	0.656429915585089
8.76473519242420	0.665754314040244
8.78049463867674	0.608309977967765
8.79903411548232	0.605907855647935
8.79668185345724	0.581530854033395
8.82446625796847	0.623917437520255
8.78979227618164	0.615659854578915
8.78873061324584	0.574167721877416
8.79733788885317	0.556986704034872
8.82525452175832	0.495360409184796
8.86290025388177	0.537445555503356
8.82934533528012	0.469067861187060
8.84122585476385	0.527272275418703
8.83351548781663	0.431107088882395
8.81207401417698	0.477863456809177
8.81008176729497	0.464277601132071
8.85199076325096	0.428971821927421
8.87869759319434	0.436320481614018
8.84089691665773	0.365999966269970
8.87393319744244	0.407816520101181
8.88719382845525	0.343480872254638
8.85391584448260	0.366909325651705
8.88883793131973	0.342983365820297
8.85997472786179	0.366348406898757
8.88200001119901	0.324769059737239
8.91639098739197	0.330736844286222
8.94356500726502	0.304744075281651
8.92431169611555	0.291656390936548
8.89665586961660	0.257370630278938
8.88217427949300	0.306605308634129
8.93990009176179	0.276237129657685
8.92733860043153	0.217714925980984
8.93784536598155	0.174521454266001
8.92019469002383	0.174263597384347
8.94754005760731	0.210868173228717
8.98277524322416	0.204349445345643
8.98474815799490	0.159241504097311
8.99359896570892	0.114466588790267
9.00261879455074	0.131085404654658
8.98681217726006	0.0762040683805158
8.94905260475720	0.0893073717666483
8.96505960141304	0.0120687354260922
8.99274527919961	-0.000924350277973107
9.03875902864720	0.0176302779070739
8.99803371891240	0.0132834573582208
9.01813479792937	0.0268322920630611
9.04204964363850	-0.0312191357118473
8.99027778224965	-0.0976128903460001
9.05960243651033	-0.0258750935338558
9.05164643355904	-0.124370403398760
9.04748342784320	-0.0272204526493656
9.05559180140212	-0.137894630794669
9.04648833283676	-0.140279367528209
9.07636143727817	-0.0593420106063864
9.06400916519188	-0.166597096641637
9.06277242588816	-0.177820294746118
9.08533428044541	-0.126398493244406
9.05047498669643	-0.225715109058674
9.05404116834957	-0.221299754334107
9.07351816884930	-0.255059668696174
9.07396779301787	-0.212593528935093
9.09505126467139	-0.244232683849134
9.07297403496178	-0.273817107973168
9.10152175145884	-0.284435858245288
9.05871741060658	-0.223803256547620
9.12177328488993	-0.296501574410416
9.07971358541061	-0.314268266988960
9.13572399600963	-0.264694069275048
9.16853629238213	-0.386909320271333
9.09558424390067	-0.393056349009174
9.14018990614870	-0.439653218608254
9.13301461089020	-0.382201026837205
9.10982252744610	-0.385143021377468
9.15945175449612	-0.390831419148999
9.18206112468222	-0.366566230470746
9.12482451125075	-0.523739104450636
9.17892707977700	-0.461868792398990
9.15001270019963	-0.448497687129898
9.17520666297126	-0.501114606057232
9.12269477459188	-0.456155129789278
9.13370253098618	-0.497632467895201
9.22639386441445	-0.494488335838022
9.17947113219442	-0.519737759166097
9.29433574501522	-0.545672507265615
9.23484256676515	-0.543137803289917
9.21163543629168	-0.622491058751057
9.25450111925587	-0.579259531894471
9.22175591624153	-0.630655659791655
9.26248931592087	-0.619030915098574
9.15161165552818	-0.649135354549372
9.24815845706930	-0.642665737876630
9.20413454109342	-0.698057016414328
9.16442933099993	-0.650093723317947
9.30613719629151	-0.653650997102467
9.25567254845126	-0.656700850602466
9.22340639882666	-0.731399977579739
9.23934138492723	-0.718229789570836
9.30910153080980	-0.719954449632554
9.25198360913001	-0.731548483857181
9.22035427124418	-0.700023006258966
9.24594441641222	-0.769788383575993
9.30688947760325	-0.817143066516399
9.31987176082755	-0.763046432836366
9.28091314486923	-0.763098533618567
9.31416354642674	-0.763867116385127
9.31835797284292	-0.840104168620514
9.32204664487893	-0.806499863777577
9.33434748042371	-0.822348693039466
9.33259611629055	-0.817854201077884
9.29897632316964	-0.906391470792338
9.35517857939445	-0.873540804742341
9.29928563484154	-0.831527046779156
9.31794974034782	-0.873260121840418
9.29687418045876	-0.909040823063214
9.33048183690004	-0.867005110739491
9.34640267048719	-0.949002865087310
9.34140525170790	-0.879652160813933
9.38525956990849	-0.869769583570650
9.35266581714214	-0.846442327744914
9.42750342834901	-0.924430703532242
9.32118938920313	-0.946735057125960
9.38027026631384	-0.925019083515405
9.41518649158851	-0.934034433480753
9.40998076146934	-0.982286065284157
9.45593403670605	-0.925535040227710
9.42139152160318	-0.915806148781590
9.44716632187687	-0.957644541181104
9.37898400702336	-0.942853031424642
9.38523320725951	-0.982777933392062
9.39630964025456	-0.899540039843396
9.43963900403744	-0.925794985758460
9.37381592959192	-0.976378893424521
9.51922657408305	-0.935970811983426
9.45889765872892	-1.00987574064774
9.48271126099308	-0.986952054203298
9.41385820385740	-1.00788108061114
9.41784012380643	-0.976634526420286
9.44094321875155	-0.973549015318755
9.45821036585766	-1.02664054645291
9.50067095942507	-1.00731463017903
9.47091956318396	-1.01875529076136
9.45908038545297	-0.957189703535345
9.41872137552951	-1.03791004067593
9.50209760069512	-1.03364144376133
9.50732156563340	-1.00511777926021
9.51631834274402	-1.00949870810807
9.49311135484803	-1.00935385132065
9.48969458999143	-0.984588796666751
9.52499978820878	-0.972458819037678
9.47656960362082	-0.972735880398570
9.56643408670758	-1.03826326762281
9.52516971301091	-1.01731597070135
9.56073946889846	-0.994642296666402
9.58807802318698	-0.931712220518867
9.57102811443084	-0.977511392674014
9.58332514407162	-1.00642090443136
9.57928269758313	-0.989024837362208
9.54568408636602	-0.984803233053227
9.56585251816845	-1.04909238919098
9.54657901308316	-0.982600151630721
9.53967160891799	-0.978876298049087
9.55955174624044	-0.959186645485951
9.60769203164889	-0.989451515718999
9.56877821120034	-0.991762886341102
9.60057708269893	-0.999093116503693
9.60151080032811	-0.981788428011359
9.58517735914148	-0.965432231283663
9.58457962406621	-0.906213384624435
9.61695344106417	-0.958936452353385
9.64762231284924	-0.937382104880468
9.63150585049938	-0.911586685919703
9.65165196369284	-0.913970116256389
9.59197141736253	-0.979010536767216
9.67498571253447	-0.940856411967246
9.62095905450054	-0.885710509532989
9.64994361738257	-0.974153423245381
9.61558393651790	-0.899914553724490
9.66012856526571	-0.796496736634964
9.68727597317620	-0.854282430928607
9.68433256515602	-0.846851651681788
9.74132310391807	-0.868890825198389
9.65183690575122	-0.884021768277406
9.74156091730734	-0.894605440716218
9.67208256790130	-0.809080496125751
9.69269188845226	-0.802643463779020
9.70619458140001	-0.830522734705797
9.73744253873811	-0.799468105597912
9.73587268049924	-0.762376901773752
9.70912947930321	-0.701932130552463
9.71244094605231	-0.745529530926719
9.74568316245570	-0.737744079746342
9.71180283267824	-0.783729801042621
9.76807501439447	-0.710252510358584
9.74822359198863	-0.702454417470656
9.74762506604749	-0.744577670635608
9.76740681607838	-0.752231777863429
9.75016991862655	-0.669032960734672
9.73060276386912	-0.662134271938831
9.75974480643250	-0.717543797539834
9.74921530230526	-0.649824238409709
9.80166384981566	-0.648491067876747
9.75408314831388	-0.663591770650654
9.77563382638236	-0.593709991464016
9.82072522515726	-0.603495251491282
9.83707048424429	-0.565189280787827
9.83299381271787	-0.587115538052129
9.81425937523548	-0.551025204730314
9.76000256802356	-0.564668339049261
9.81201410391090	-0.567108492366239
9.81904304951193	-0.593349872936467
9.81598379102351	-0.499959942444903
9.86879083005385	-0.516203575854680
9.75117656402348	-0.560709018516865
9.80556166724660	-0.448317115958874
9.85082013730521	-0.447161002973664
9.88602413096445	-0.456022071319927
9.91277941624771	-0.435465055741527
9.84540943016656	-0.400630351793900
9.85529405252692	-0.411643345068387
9.86259957153050	-0.345389408846937
9.87187935918870	-0.389426266531608
9.82154150137493	-0.391005586364623
9.89726224203788	-0.364973691849578
9.86629650207807	-0.324600242047322
9.90540587597318	-0.276625917254460
9.83863926215593	-0.287002660857526
9.91074293574016	-0.299956171339270
9.86808008530531	-0.321423390860793
9.92031565536469	-0.198170549505808
9.91744732089276	-0.241651851133461
9.93329152356730	-0.224768837661317
9.90583570432790	-0.211945853505869
9.92500121155850	-0.140555700272091
9.93673532374165	-0.144358125144565
9.95029920355928	-0.242468943325238
9.89243057403579	-0.142449630723696
9.98031090268066	-0.158234934408962
9.93962042553606	-0.0934993591236525
9.93813254500531	-0.0973200384736335
9.96030641601926	-0.116436835346348
9.99132847466081	-0.0961065299801052
9.99977010685783	-0.0884699957165621
9.99586770036913	-0.0311271756883511
9.95052126976383	-0.0836049366340467
9.98532648298124	-0.0207708661829127
10.0013805721223	-0.0307915596973226